#	Valor	ID	Clase	IDAtomo	Atomo
0	PROGRAM	13	0:KEYWORD	13	#	1
1	id[0]	0	1:ID	20	a	1
2	(	40	7:SPECIAL	43	(	1
3	id[1]	1	1:ID	20	a	1
4	)	41	7:SPECIAL	44	)	1
5	;	59	7:SPECIAL	48	;	1
6	VAR	18	0:KEYWORD	18	v	3
7	id[2]	2	1:ID	20	a	3
8	,	44	7:SPECIAL	47	,	3
9	id[3]	3	1:ID	20	a	3
10	:	58	7:SPECIAL	49	:	3
11	integer	2	2:TYPE	23	i	3
12	;	59	7:SPECIAL	48	;	3
13	id[4]	4	1:ID	20	a	4
14	:	58	7:SPECIAL	49	:	4
15	integer	2	2:TYPE	23	i	4
16	;	59	7:SPECIAL	48	;	4
17	BEGIN	2	0:KEYWORD	2	e	5
18	id[2]	2	1:ID	20	a	6
19	:=	0	11:ASSIGN	54	=	6
20	5	0	8:INT_LIT	51	n	6
21	;	59	7:SPECIAL	48	;	6
22	id[3]	3	1:ID	20	a	7
23	:=	0	11:ASSIGN	54	=	7
24	id[2]	2	1:ID	20	a	7
25	+	43	5:A_OPER	33	+	7
26	3	0	8:INT_LIT	51	n	7
27	;	59	7:SPECIAL	48	;	7
28	IF	9	0:KEYWORD	9	s	8
29	id[2]	2	1:ID	20	a	8
30	>=	5	6:R_OPER	42	$	8
31	18	0	8:INT_LIT	51	n	8
32	THEN	15	0:KEYWORD	15	h	8
33	BEGIN	2	0:KEYWORD	2	e	9
34	id[3]	3	1:ID	20	a	10
35	:=	0	11:ASSIGN	54	=	10
36	40	0	8:INT_LIT	51	n	10
37	END	7	0:KEYWORD	7	f	11
38	;	59	7:SPECIAL	48	;	11
39	;	59	7:SPECIAL	48	;	11
40	writeln	5	4:PROCED	32	m	12
41	(	40	7:SPECIAL	43	(	12
42	str[0]	0	10:STRING	53	"	12
43	)	41	7:SPECIAL	44	)	12
44	4	0	8:INT_LIT	51	n	12
45	;	59	7:SPECIAL	48	;	12
46	IF	9	0:KEYWORD	9	s	13
47	id[2]	2	1:ID	20	a	13
48	=	2	6:R_OPER	39	¿	13
49	60	0	8:INT_LIT	51	n	13
50	THEN	15	0:KEYWORD	15	h	13
51	id[5]	5	1:ID	20	a	14
52	:=	0	11:ASSIGN	54	=	14
53	0	0	8:INT_LIT	51	n	14
54	;	59	7:SPECIAL	48	;	14
55	;	59	7:SPECIAL	48	;	14
56	FOR	8	0:KEYWORD	8	p	15
57	id[5]	5	1:ID	20	a	15
58	:=	0	11:ASSIGN	54	=	15
59	57005	0	8:INT_LIT	51	n	15
60	DOWNTO	5	0:KEYWORD	5	d	15
61	id[6]	6	1:ID	20	a	15
62	+	43	5:A_OPER	33	+	15
63	8	0	8:INT_LIT	51	n	15
64	DO	4	0:KEYWORD	4	z	15
65	BEGIN	2	0:KEYWORD	2	e	16
66	writeln	5	4:PROCED	32	m	17
67	(	40	7:SPECIAL	43	(	17
68	str[1]	1	10:STRING	53	"	17
69	)	41	7:SPECIAL	44	)	17
70	END	7	0:KEYWORD	7	f	18

#	Valor	ID	Clase	IDAtomo	Atomo
0	;	59	7:SPECIAL	48	;	18
1	IF	9	0:KEYWORD	9	s	19
2	id[2]	2	1:ID	20	a	19
3	=	2	6:R_OPER	39	¿	19
4	id[3]	3	1:ID	20	a	19
5	THEN	15	0:KEYWORD	15	h	19
6	id[5]	5	1:ID	20	a	20
7	:=	0	11:ASSIGN	54	=	20
8	90	0	8:INT_LIT	51	n	20
9	;	59	7:SPECIAL	48	;	20
10	;	59	7:SPECIAL	48	;	20
11	IF	9	0:KEYWORD	9	s	21
12	id[7]	7	1:ID	20	a	21
13	=	2	6:R_OPER	39	¿	21
14	id[8]	8	1:ID	20	a	21
15	THEN	15	0:KEYWORD	15	h	21
16	id[5]	5	1:ID	20	a	22
17	:=	0	11:ASSIGN	54	=	22
18	90	0	8:INT_LIT	51	n	22
19	;	59	7:SPECIAL	48	;	22
20	;	59	7:SPECIAL	48	;	22
21	REPEAT	14	0:KEYWORD	14	@	23
22	id[9]	9	1:ID	20	a	23
23	:=	0	11:ASSIGN	54	=	23
24	id[10]	10	1:ID	20	a	23
25	+	43	5:A_OPER	33	+	23
26	1	0	8:INT_LIT	51	n	23
27	UNTIL	17	0:KEYWORD	17	k	23
28	id[9]	9	1:ID	20	a	23
29	>	4	6:R_OPER	41	>	23
30	9	0	8:INT_LIT	51	n	23
31	;	59	7:SPECIAL	48	;	23
32	REPEAT	14	0:KEYWORD	14	@	24
33	id[9]	9	1:ID	20	a	24
34	:=	0	11:ASSIGN	54	=	24
35	id[10]	10	1:ID	20	a	24
36	+	43	5:A_OPER	33	+	24
37	1	0	8:INT_LIT	51	n	24
38	UNTIL	17	0:KEYWORD	17	k	24
39	id[9]	9	1:ID	20	a	24
40	>	4	6:R_OPER	41	>	24
41	9	0	8:INT_LIT	51	n	24
42	;	59	7:SPECIAL	48	;	24
43	FOR	8	0:KEYWORD	8	p	25
44	id[5]	5	1:ID	20	a	25
45	:=	0	11:ASSIGN	54	=	25
46	57005	0	8:INT_LIT	51	n	25
47	DOWNTO	5	0:KEYWORD	5	d	25
48	id[11]	11	1:ID	20	a	25
49	DO	4	0:KEYWORD	4	z	25
50	BEGIN	2	0:KEYWORD	2	e	26
51	writeln	5	4:PROCED	32	m	27
52	(	40	7:SPECIAL	43	(	27
53	str[1]	1	10:STRING	53	"	27
54	)	41	7:SPECIAL	44	)	27
55	END	7	0:KEYWORD	7	f	28
56	;	59	7:SPECIAL	48	;	28
57	id[2]	2	1:ID	20	a	29
58	:=	0	11:ASSIGN	54	=	29
59	5	0	8:INT_LIT	51	n	29
60	;	59	7:SPECIAL	48	;	29
61	id[3]	3	1:ID	20	a	30
62	:=	0	11:ASSIGN	54	=	30
63	id[2]	2	1:ID	20	a	30
64	+	43	5:A_OPER	33	+	30
65	3	0	8:INT_LIT	51	n	30
66	;	59	7:SPECIAL	48	;	30
67	IF	9	0:KEYWORD	9	s	31
68	id[2]	2	1:ID	20	a	31
69	>=	5	6:R_OPER	42	$	31
70	18	0	8:INT_LIT	51	n	31
71	THEN	15	0:KEYWORD	15	h	31
72	BEGIN	2	0:KEYWORD	2	e	32
73	id[3]	3	1:ID	20	a	33
74	:=	0	11:ASSIGN	54	=	33
75	40	0	8:INT_LIT	51	n	33
76	END	7	0:KEYWORD	7	f	34
77	;	59	7:SPECIAL	48	;	34
78	;	59	7:SPECIAL	48	;	34
79	writeln	5	4:PROCED	32	m	35
80	(	40	7:SPECIAL	43	(	35
81	str[0]	0	10:STRING	53	"	35
82	)	41	7:SPECIAL	44	)	35
83	4	0	8:INT_LIT	51	n	35
84	;	59	7:SPECIAL	48	;	35
85	IF	9	0:KEYWORD	9	s	36
86	id[2]	2	1:ID	20	a	36
87	=	2	6:R_OPER	39	¿	36
88	60	0	8:INT_LIT	51	n	36
89	THEN	15	0:KEYWORD	15	h	36
90	id[5]	5	1:ID	20	a	37
91	:=	0	11:ASSIGN	54	=	37
92	0	0	8:INT_LIT	51	n	37
93	;	59	7:SPECIAL	48	;	37
94	;	59	7:SPECIAL	48	;	37
95	FOR	8	0:KEYWORD	8	p	38
96	id[5]	5	1:ID	20	a	38
97	:=	0	11:ASSIGN	54	=	38
98	57005	0	8:INT_LIT	51	n	38
99	DOWNTO	5	0:KEYWORD	5	d	38
100	id[6]	6	1:ID	20	a	38
101	+	43	5:A_OPER	33	+	38
102	8	0	8:INT_LIT	51	n	38
103	DO	4	0:KEYWORD	4	z	38
104	BEGIN	2	0:KEYWORD	2	e	39
105	writeln	5	4:PROCED	32	m	40
106	(	40	7:SPECIAL	43	(	40
107	str[1]	1	10:STRING	53	"	40
108	)	41	7:SPECIAL	44	)	40
109	END	7	0:KEYWORD	7	f	41
110	;	59	7:SPECIAL	48	;	41
111	IF	9	0:KEYWORD	9	s	42
112	id[2]	2	1:ID	20	a	42
113	=	2	6:R_OPER	39	¿	42
114	id[3]	3	1:ID	20	a	42
115	THEN	15	0:KEYWORD	15	h	42
116	id[5]	5	1:ID	20	a	43
117	:=	0	11:ASSIGN	54	=	43
118	90	0	8:INT_LIT	51	n	43
119	;	59	7:SPECIAL	48	;	43
120	;	59	7:SPECIAL	48	;	43
121	IF	9	0:KEYWORD	9	s	44
122	id[7]	7	1:ID	20	a	44
123	=	2	6:R_OPER	39	¿	44
124	id[8]	8	1:ID	20	a	44
125	THEN	15	0:KEYWORD	15	h	44
126	id[5]	5	1:ID	20	a	45
127	:=	0	11:ASSIGN	54	=	45
128	90	0	8:INT_LIT	51	n	45
129	;	59	7:SPECIAL	48	;	45
130	;	59	7:SPECIAL	48	;	45
131	REPEAT	14	0:KEYWORD	14	@	46
132	id[9]	9	1:ID	20	a	46
133	:=	0	11:ASSIGN	54	=	46
134	id[10]	10	1:ID	20	a	46
135	+	43	5:A_OPER	33	+	46
136	1	0	8:INT_LIT	51	n	46
137	UNTIL	17	0:KEYWORD	17	k	46
138	id[9]	9	1:ID	20	a	46
139	>	4	6:R_OPER	41	>	46
140	9	0	8:INT_LIT	51	n	46
141	;	59	7:SPECIAL	48	;	46
142	REPEAT	14	0:KEYWORD	14	@	47
143	id[9]	9	1:ID	20	a	47
144	:=	0	11:ASSIGN	54	=	47
145	id[10]	10	1:ID	20	a	47
146	+	43	5:A_OPER	33	+	47
147	1	0	8:INT_LIT	51	n	47
148	UNTIL	17	0:KEYWORD	17	k	47
149	id[9]	9	1:ID	20	a	47
150	>	4	6:R_OPER	41	>	47
151	9	0	8:INT_LIT	51	n	47
152	;	59	7:SPECIAL	48	;	47
153	FOR	8	0:KEYWORD	8	p	48
154	id[5]	5	1:ID	20	a	48
155	:=	0	11:ASSIGN	54	=	48
156	57005	0	8:INT_LIT	51	n	48
157	DOWNTO	5	0:KEYWORD	5	d	48
158	id[11]	11	1:ID	20	a	48
159	DO	4	0:KEYWORD	4	z	48
160	BEGIN	2	0:KEYWORD	2	e	49
161	writeln	5	4:PROCED	32	m	50
162	(	40	7:SPECIAL	43	(	50
163	str[1]	1	10:STRING	53	"	50
164	)	41	7:SPECIAL	44	)	50
165	END	7	0:KEYWORD	7	f	51
166	;	59	7:SPECIAL	48	;	51
167	id[2]	2	1:ID	20	a	52
168	:=	0	11:ASSIGN	54	=	52
169	5	0	8:INT_LIT	51	n	52
170	;	59	7:SPECIAL	48	;	52
171	id[3]	3	1:ID	20	a	53
172	:=	0	11:ASSIGN	54	=	53
173	id[2]	2	1:ID	20	a	53
174	+	43	5:A_OPER	33	+	53
175	3	0	8:INT_LIT	51	n	53
176	;	59	7:SPECIAL	48	;	53
177	IF	9	0:KEYWORD	9	s	54
178	id[2]	2	1:ID	20	a	54
179	>=	5	6:R_OPER	42	$	54
180	18	0	8:INT_LIT	51	n	54
181	THEN	15	0:KEYWORD	15	h	54
182	BEGIN	2	0:KEYWORD	2	e	55
183	id[3]	3	1:ID	20	a	56
184	:=	0	11:ASSIGN	54	=	56
185	40	0	8:INT_LIT	51	n	56
186	END	7	0:KEYWORD	7	f	57
187	;	59	7:SPECIAL	48	;	57
188	;	59	7:SPECIAL	48	;	57
189	writeln	5	4:PROCED	32	m	58
190	(	40	7:SPECIAL	43	(	58
191	str[0]	0	10:STRING	53	"	58
192	)	41	7:SPECIAL	44	)	58
193	4	0	8:INT_LIT	51	n	58
194	;	59	7:SPECIAL	48	;	58
195	IF	9	0:KEYWORD	9	s	59
196	id[2]	2	1:ID	20	a	59
197	=	2	6:R_OPER	39	¿	59
198	60	0	8:INT_LIT	51	n	59
199	THEN	15	0:KEYWORD	15	h	59
200	id[5]	5	1:ID	20	a	60
201	:=	0	11:ASSIGN	54	=	60
202	0	0	8:INT_LIT	51	n	60
203	;	59	7:SPECIAL	48	;	60
204	;	59	7:SPECIAL	48	;	60
205	FOR	8	0:KEYWORD	8	p	61
206	id[5]	5	1:ID	20	a	61
207	:=	0	11:ASSIGN	54	=	61
208	57005	0	8:INT_LIT	51	n	61
209	DOWNTO	5	0:KEYWORD	5	d	61
210	id[6]	6	1:ID	20	a	61
211	+	43	5:A_OPER	33	+	61
212	8	0	8:INT_LIT	51	n	61
213	DO	4	0:KEYWORD	4	z	61
214	BEGIN	2	0:KEYWORD	2	e	62
215	writeln	5	4:PROCED	32	m	63
216	(	40	7:SPECIAL	43	(	63
217	str[1]	1	10:STRING	53	"	63
218	)	41	7:SPECIAL	44	)	63
219	END	7	0:KEYWORD	7	f	64
220	;	59	7:SPECIAL	48	;	64
221	IF	9	0:KEYWORD	9	s	65
222	id[2]	2	1:ID	20	a	65
223	=	2	6:R_OPER	39	¿	65
224	id[3]	3	1:ID	20	a	65
225	THEN	15	0:KEYWORD	15	h	65
226	id[5]	5	1:ID	20	a	66
227	:=	0	11:ASSIGN	54	=	66
228	90	0	8:INT_LIT	51	n	66
229	;	59	7:SPECIAL	48	;	66
230	;	59	7:SPECIAL	48	;	66
231	IF	9	0:KEYWORD	9	s	67
232	id[7]	7	1:ID	20	a	67
233	=	2	6:R_OPER	39	¿	67
234	id[8]	8	1:ID	20	a	67
235	THEN	15	0:KEYWORD	15	h	67
236	id[5]	5	1:ID	20	a	68
237	:=	0	11:ASSIGN	54	=	68
238	90	0	8:INT_LIT	51	n	68
239	;	59	7:SPECIAL	48	;	68
240	;	59	7:SPECIAL	48	;	68
241	REPEAT	14	0:KEYWORD	14	@	69
242	id[9]	9	1:ID	20	a	69
243	:=	0	11:ASSIGN	54	=	69
244	id[10]	10	1:ID	20	a	69
245	+	43	5:A_OPER	33	+	69
246	1	0	8:INT_LIT	51	n	69
247	UNTIL	17	0:KEYWORD	17	k	69
248	id[9]	9	1:ID	20	a	69
249	>	4	6:R_OPER	41	>	69
250	9	0	8:INT_LIT	51	n	69
251	;	59	7:SPECIAL	48	;	69
252	REPEAT	14	0:KEYWORD	14	@	70
253	id[9]	9	1:ID	20	a	70
254	:=	0	11:ASSIGN	54	=	70
255	id[10]	10	1:ID	20	a	70
256	+	43	5:A_OPER	33	+	70
257	1	0	8:INT_LIT	51	n	70
258	UNTIL	17	0:KEYWORD	17	k	70
259	id[9]	9	1:ID	20	a	70
260	>	4	6:R_OPER	41	>	70
261	9	0	8:INT_LIT	51	n	70
262	;	59	7:SPECIAL	48	;	70
263	FOR	8	0:KEYWORD	8	p	71
264	id[5]	5	1:ID	20	a	71
265	:=	0	11:ASSIGN	54	=	71
266	57005	0	8:INT_LIT	51	n	71
267	DOWNTO	5	0:KEYWORD	5	d	71
268	id[11]	11	1:ID	20	a	71
269	DO	4	0:KEYWORD	4	z	71
270	BEGIN	2	0:KEYWORD	2	e	72
271	writeln	5	4:PROCED	32	m	73
272	(	40	7:SPECIAL	43	(	73
273	str[1]	1	10:STRING	53	"	73
274	)	41	7:SPECIAL	44	)	73
275	END	7	0:KEYWORD	7	f	74
276	;	59	7:SPECIAL	48	;	74
277	id[2]	2	1:ID	20	a	76
278	:=	0	11:ASSIGN	54	=	76
279	5	0	8:INT_LIT	51	n	76
280	;	59	7:SPECIAL	48	;	76
281	id[3]	3	1:ID	20	a	77
282	:=	0	11:ASSIGN	54	=	77
283	id[2]	2	1:ID	20	a	77
284	+	43	5:A_OPER	33	+	77
285	3	0	8:INT_LIT	51	n	77
286	;	59	7:SPECIAL	48	;	77
287	IF	9	0:KEYWORD	9	s	78
288	id[2]	2	1:ID	20	a	78
289	>=	5	6:R_OPER	42	$	78
290	18	0	8:INT_LIT	51	n	78
291	THEN	15	0:KEYWORD	15	h	78
292	BEGIN	2	0:KEYWORD	2	e	79
293	id[3]	3	1:ID	20	a	80
294	:=	0	11:ASSIGN	54	=	80
295	40	0	8:INT_LIT	51	n	80
296	END	7	0:KEYWORD	7	f	81
297	;	59	7:SPECIAL	48	;	81
298	;	59	7:SPECIAL	48	;	81
299	writeln	5	4:PROCED	32	m	82
300	(	40	7:SPECIAL	43	(	82
301	str[0]	0	10:STRING	53	"	82
302	)	41	7:SPECIAL	44	)	82
303	4	0	8:INT_LIT	51	n	82
304	;	59	7:SPECIAL	48	;	82
305	IF	9	0:KEYWORD	9	s	83
306	id[2]	2	1:ID	20	a	83
307	=	2	6:R_OPER	39	¿	83
308	60	0	8:INT_LIT	51	n	83
309	THEN	15	0:KEYWORD	15	h	83
310	id[5]	5	1:ID	20	a	84
311	:=	0	11:ASSIGN	54	=	84
312	0	0	8:INT_LIT	51	n	84
313	;	59	7:SPECIAL	48	;	84
314	;	59	7:SPECIAL	48	;	84
315	FOR	8	0:KEYWORD	8	p	85
316	id[5]	5	1:ID	20	a	85
317	:=	0	11:ASSIGN	54	=	85
318	57005	0	8:INT_LIT	51	n	85
319	DOWNTO	5	0:KEYWORD	5	d	85
320	id[6]	6	1:ID	20	a	85
321	+	43	5:A_OPER	33	+	85
322	8	0	8:INT_LIT	51	n	85
323	DO	4	0:KEYWORD	4	z	85
324	BEGIN	2	0:KEYWORD	2	e	86
325	writeln	5	4:PROCED	32	m	87
326	(	40	7:SPECIAL	43	(	87
327	str[1]	1	10:STRING	53	"	87
328	)	41	7:SPECIAL	44	)	87
329	END	7	0:KEYWORD	7	f	88
330	;	59	7:SPECIAL	48	;	88
331	IF	9	0:KEYWORD	9	s	89
332	id[2]	2	1:ID	20	a	89
333	=	2	6:R_OPER	39	¿	89
334	id[3]	3	1:ID	20	a	89
335	THEN	15	0:KEYWORD	15	h	89
336	id[5]	5	1:ID	20	a	90
337	:=	0	11:ASSIGN	54	=	90
338	90	0	8:INT_LIT	51	n	90
339	;	59	7:SPECIAL	48	;	90
340	;	59	7:SPECIAL	48	;	90
341	IF	9	0:KEYWORD	9	s	91
342	id[7]	7	1:ID	20	a	91
343	=	2	6:R_OPER	39	¿	91
344	id[8]	8	1:ID	20	a	91
345	THEN	15	0:KEYWORD	15	h	91
346	id[5]	5	1:ID	20	a	92
347	:=	0	11:ASSIGN	54	=	92
348	90	0	8:INT_LIT	51	n	92
349	;	59	7:SPECIAL	48	;	92
350	;	59	7:SPECIAL	48	;	92
351	REPEAT	14	0:KEYWORD	14	@	93
352	id[9]	9	1:ID	20	a	93
353	:=	0	11:ASSIGN	54	=	93
354	id[10]	10	1:ID	20	a	93
355	+	43	5:A_OPER	33	+	93
356	1	0	8:INT_LIT	51	n	93
357	UNTIL	17	0:KEYWORD	17	k	93
358	id[9]	9	1:ID	20	a	93
359	>	4	6:R_OPER	41	>	93
360	9	0	8:INT_LIT	51	n	93
361	;	59	7:SPECIAL	48	;	93
362	REPEAT	14	0:KEYWORD	14	@	94
363	id[9]	9	1:ID	20	a	94
364	:=	0	11:ASSIGN	54	=	94
365	id[10]	10	1:ID	20	a	94
366	+	43	5:A_OPER	33	+	94
367	1	0	8:INT_LIT	51	n	94
368	UNTIL	17	0:KEYWORD	17	k	94
369	id[9]	9	1:ID	20	a	94
370	>	4	6:R_OPER	41	>	94
371	9	0	8:INT_LIT	51	n	94
372	;	59	7:SPECIAL	48	;	94
373	FOR	8	0:KEYWORD	8	p	95
374	id[5]	5	1:ID	20	a	95
375	:=	0	11:ASSIGN	54	=	95
376	57005	0	8:INT_LIT	51	n	95
377	DOWNTO	5	0:KEYWORD	5	d	95
378	id[11]	11	1:ID	20	a	95
379	DO	4	0:KEYWORD	4	z	95
380	BEGIN	2	0:KEYWORD	2	e	96
381	writeln	5	4:PROCED	32	m	97
382	(	40	7:SPECIAL	43	(	97
383	str[1]	1	10:STRING	53	"	97
384	)	41	7:SPECIAL	44	)	97
385	END	7	0:KEYWORD	7	f	98
386	;	59	7:SPECIAL	48	;	98
387	id[2]	2	1:ID	20	a	99
388	:=	0	11:ASSIGN	54	=	99
389	5	0	8:INT_LIT	51	n	99
390	;	59	7:SPECIAL	48	;	99
391	id[3]	3	1:ID	20	a	100
392	:=	0	11:ASSIGN	54	=	100
393	id[2]	2	1:ID	20	a	100
394	+	43	5:A_OPER	33	+	100
395	3	0	8:INT_LIT	51	n	100
396	;	59	7:SPECIAL	48	;	100
397	IF	9	0:KEYWORD	9	s	101
398	id[2]	2	1:ID	20	a	101
399	>=	5	6:R_OPER	42	$	101
400	18	0	8:INT_LIT	51	n	101
401	THEN	15	0:KEYWORD	15	h	101
402	BEGIN	2	0:KEYWORD	2	e	102
403	id[3]	3	1:ID	20	a	103
404	:=	0	11:ASSIGN	54	=	103
405	40	0	8:INT_LIT	51	n	103
406	END	7	0:KEYWORD	7	f	104
407	;	59	7:SPECIAL	48	;	104
408	;	59	7:SPECIAL	48	;	104
409	writeln	5	4:PROCED	32	m	105
410	(	40	7:SPECIAL	43	(	105
411	str[0]	0	10:STRING	53	"	105
412	)	41	7:SPECIAL	44	)	105
413	4	0	8:INT_LIT	51	n	105
414	;	59	7:SPECIAL	48	;	105
415	IF	9	0:KEYWORD	9	s	106
416	id[2]	2	1:ID	20	a	106
417	=	2	6:R_OPER	39	¿	106
418	60	0	8:INT_LIT	51	n	106
419	THEN	15	0:KEYWORD	15	h	106
420	id[5]	5	1:ID	20	a	107
421	:=	0	11:ASSIGN	54	=	107
422	0	0	8:INT_LIT	51	n	107
423	;	59	7:SPECIAL	48	;	107
424	;	59	7:SPECIAL	48	;	107
425	FOR	8	0:KEYWORD	8	p	108
426	id[5]	5	1:ID	20	a	108
427	:=	0	11:ASSIGN	54	=	108
428	57005	0	8:INT_LIT	51	n	108
429	DOWNTO	5	0:KEYWORD	5	d	108
430	id[6]	6	1:ID	20	a	108
431	+	43	5:A_OPER	33	+	108
432	8	0	8:INT_LIT	51	n	108
433	DO	4	0:KEYWORD	4	z	108
434	BEGIN	2	0:KEYWORD	2	e	109
435	writeln	5	4:PROCED	32	m	110
436	(	40	7:SPECIAL	43	(	110
437	str[1]	1	10:STRING	53	"	110
438	)	41	7:SPECIAL	44	)	110
439	END	7	0:KEYWORD	7	f	111
440	;	59	7:SPECIAL	48	;	111
441	IF	9	0:KEYWORD	9	s	112
442	id[2]	2	1:ID	20	a	112
443	=	2	6:R_OPER	39	¿	112
444	id[3]	3	1:ID	20	a	112
445	THEN	15	0:KEYWORD	15	h	112
446	id[5]	5	1:ID	20	a	113
447	:=	0	11:ASSIGN	54	=	113
448	90	0	8:INT_LIT	51	n	113
449	;	59	7:SPECIAL	48	;	113
450	;	59	7:SPECIAL	48	;	113
451	IF	9	0:KEYWORD	9	s	114
452	id[7]	7	1:ID	20	a	114
453	=	2	6:R_OPER	39	¿	114
454	id[8]	8	1:ID	20	a	114
455	THEN	15	0:KEYWORD	15	h	114
456	id[5]	5	1:ID	20	a	115
457	:=	0	11:ASSIGN	54	=	115
458	90	0	8:INT_LIT	51	n	115
459	;	59	7:SPECIAL	48	;	115
460	;	59	7:SPECIAL	48	;	115
461	REPEAT	14	0:KEYWORD	14	@	116
462	id[9]	9	1:ID	20	a	116
463	:=	0	11:ASSIGN	54	=	116
464	id[10]	10	1:ID	20	a	116
465	+	43	5:A_OPER	33	+	116
466	1	0	8:INT_LIT	51	n	116
467	UNTIL	17	0:KEYWORD	17	k	116
468	id[9]	9	1:ID	20	a	116
469	>	4	6:R_OPER	41	>	116
470	9	0	8:INT_LIT	51	n	116
471	;	59	7:SPECIAL	48	;	116
472	REPEAT	14	0:KEYWORD	14	@	117
473	id[9]	9	1:ID	20	a	117
474	:=	0	11:ASSIGN	54	=	117
475	id[10]	10	1:ID	20	a	117
476	+	43	5:A_OPER	33	+	117
477	1	0	8:INT_LIT	51	n	117
478	UNTIL	17	0:KEYWORD	17	k	117
479	id[9]	9	1:ID	20	a	117
480	>	4	6:R_OPER	41	>	117
481	9	0	8:INT_LIT	51	n	117
482	;	59	7:SPECIAL	48	;	117
483	FOR	8	0:KEYWORD	8	p	118
484	id[5]	5	1:ID	20	a	118
485	:=	0	11:ASSIGN	54	=	118
486	57005	0	8:INT_LIT	51	n	118
487	DOWNTO	5	0:KEYWORD	5	d	118
488	id[11]	11	1:ID	20	a	118
489	DO	4	0:KEYWORD	4	z	118
490	BEGIN	2	0:KEYWORD	2	e	119
491	writeln	5	4:PROCED	32	m	120
492	(	40	7:SPECIAL	43	(	120
493	str[1]	1	10:STRING	53	"	120
494	)	41	7:SPECIAL	44	)	120
495	END	7	0:KEYWORD	7	f	121
496	;	59	7:SPECIAL	48	;	121
497	id[2]	2	1:ID	20	a	122
498	:=	0	11:ASSIGN	54	=	122
499	5	0	8:INT_LIT	51	n	122
500	;	59	7:SPECIAL	48	;	122
501	id[3]	3	1:ID	20	a	123
502	:=	0	11:ASSIGN	54	=	123
503	id[2]	2	1:ID	20	a	123
504	+	43	5:A_OPER	33	+	123
505	3	0	8:INT_LIT	51	n	123
506	;	59	7:SPECIAL	48	;	123
507	IF	9	0:KEYWORD	9	s	124
508	id[2]	2	1:ID	20	a	124
509	>=	5	6:R_OPER	42	$	124
510	18	0	8:INT_LIT	51	n	124
511	THEN	15	0:KEYWORD	15	h	124
512	BEGIN	2	0:KEYWORD	2	e	125
513	id[3]	3	1:ID	20	a	126
514	:=	0	11:ASSIGN	54	=	126
515	40	0	8:INT_LIT	51	n	126
516	END	7	0:KEYWORD	7	f	127
517	;	59	7:SPECIAL	48	;	127
518	;	59	7:SPECIAL	48	;	127
519	writeln	5	4:PROCED	32	m	128
520	(	40	7:SPECIAL	43	(	128
521	str[0]	0	10:STRING	53	"	128
522	)	41	7:SPECIAL	44	)	128
523	4	0	8:INT_LIT	51	n	128
524	;	59	7:SPECIAL	48	;	128
525	IF	9	0:KEYWORD	9	s	129
526	id[2]	2	1:ID	20	a	129
527	=	2	6:R_OPER	39	¿	129
528	60	0	8:INT_LIT	51	n	129

#	Valor	ID	Clase	IDAtomo	Atomo
0	THEN	15	0:KEYWORD	15	h	129
1	id[5]	5	1:ID	20	a	130
2	:=	0	11:ASSIGN	54	=	130
3	0	0	8:INT_LIT	51	n	130
4	;	59	7:SPECIAL	48	;	130
5	;	59	7:SPECIAL	48	;	130
6	FOR	8	0:KEYWORD	8	p	131
7	id[5]	5	1:ID	20	a	131
8	:=	0	11:ASSIGN	54	=	131
9	57005	0	8:INT_LIT	51	n	131
10	DOWNTO	5	0:KEYWORD	5	d	131
11	id[6]	6	1:ID	20	a	131
12	+	43	5:A_OPER	33	+	131
13	8	0	8:INT_LIT	51	n	131
14	DO	4	0:KEYWORD	4	z	131
15	BEGIN	2	0:KEYWORD	2	e	132
16	writeln	5	4:PROCED	32	m	133
17	(	40	7:SPECIAL	43	(	133
18	str[1]	1	10:STRING	53	"	133
19	)	41	7:SPECIAL	44	)	133
20	END	7	0:KEYWORD	7	f	134
21	;	59	7:SPECIAL	48	;	134
22	IF	9	0:KEYWORD	9	s	135
23	id[2]	2	1:ID	20	a	135
24	=	2	6:R_OPER	39	¿	135
25	id[3]	3	1:ID	20	a	135
26	THEN	15	0:KEYWORD	15	h	135
27	id[5]	5	1:ID	20	a	136
28	:=	0	11:ASSIGN	54	=	136
29	90	0	8:INT_LIT	51	n	136
30	;	59	7:SPECIAL	48	;	136
31	;	59	7:SPECIAL	48	;	136
32	IF	9	0:KEYWORD	9	s	137
33	id[7]	7	1:ID	20	a	137
34	=	2	6:R_OPER	39	¿	137
35	id[8]	8	1:ID	20	a	137
36	THEN	15	0:KEYWORD	15	h	137
37	id[5]	5	1:ID	20	a	138
38	:=	0	11:ASSIGN	54	=	138
39	90	0	8:INT_LIT	51	n	138
40	;	59	7:SPECIAL	48	;	138
41	;	59	7:SPECIAL	48	;	138
42	REPEAT	14	0:KEYWORD	14	@	139
43	id[9]	9	1:ID	20	a	139
44	:=	0	11:ASSIGN	54	=	139
45	id[10]	10	1:ID	20	a	139
46	+	43	5:A_OPER	33	+	139
47	1	0	8:INT_LIT	51	n	139
48	UNTIL	17	0:KEYWORD	17	k	139
49	id[9]	9	1:ID	20	a	139
50	>	4	6:R_OPER	41	>	139
51	9	0	8:INT_LIT	51	n	139
52	;	59	7:SPECIAL	48	;	139
53	REPEAT	14	0:KEYWORD	14	@	140
54	id[9]	9	1:ID	20	a	140
55	:=	0	11:ASSIGN	54	=	140
56	id[10]	10	1:ID	20	a	140
57	+	43	5:A_OPER	33	+	140
58	1	0	8:INT_LIT	51	n	140
59	UNTIL	17	0:KEYWORD	17	k	140
60	id[9]	9	1:ID	20	a	140
61	>	4	6:R_OPER	41	>	140
62	9	0	8:INT_LIT	51	n	140
63	;	59	7:SPECIAL	48	;	140
64	FOR	8	0:KEYWORD	8	p	141
65	id[5]	5	1:ID	20	a	141
66	:=	0	11:ASSIGN	54	=	141
67	57005	0	8:INT_LIT	51	n	141
68	DOWNTO	5	0:KEYWORD	5	d	141
69	id[11]	11	1:ID	20	a	141
70	DO	4	0:KEYWORD	4	z	141
71	BEGIN	2	0:KEYWORD	2	e	142
72	writeln	5	4:PROCED	32	m	143
73	(	40	7:SPECIAL	43	(	143
74	str[1]	1	10:STRING	53	"	143
75	)	41	7:SPECIAL	44	)	143
76	END	7	0:KEYWORD	7	f	144
77	;	59	7:SPECIAL	48	;	144
78	id[2]	2	1:ID	20	a	145
79	:=	0	11:ASSIGN	54	=	145
80	5	0	8:INT_LIT	51	n	145
81	;	59	7:SPECIAL	48	;	145
82	id[3]	3	1:ID	20	a	146
83	:=	0	11:ASSIGN	54	=	146
84	id[2]	2	1:ID	20	a	146
85	+	43	5:A_OPER	33	+	146
86	3	0	8:INT_LIT	51	n	146
87	;	59	7:SPECIAL	48	;	146
88	IF	9	0:KEYWORD	9	s	147
89	id[2]	2	1:ID	20	a	147
90	>=	5	6:R_OPER	42	$	147
91	18	0	8:INT_LIT	51	n	147
92	THEN	15	0:KEYWORD	15	h	147
93	BEGIN	2	0:KEYWORD	2	e	148
94	id[3]	3	1:ID	20	a	149
95	:=	0	11:ASSIGN	54	=	149
96	40	0	8:INT_LIT	51	n	149
97	END	7	0:KEYWORD	7	f	150
98	;	59	7:SPECIAL	48	;	150
99	;	59	7:SPECIAL	48	;	150
100	writeln	5	4:PROCED	32	m	151
101	(	40	7:SPECIAL	43	(	151
102	str[0]	0	10:STRING	53	"	151
103	)	41	7:SPECIAL	44	)	151
104	4	0	8:INT_LIT	51	n	151
105	;	59	7:SPECIAL	48	;	151
106	IF	9	0:KEYWORD	9	s	152
107	id[2]	2	1:ID	20	a	152
108	=	2	6:R_OPER	39	¿	152
109	60	0	8:INT_LIT	51	n	152
110	THEN	15	0:KEYWORD	15	h	152
111	id[5]	5	1:ID	20	a	153
112	:=	0	11:ASSIGN	54	=	153
113	0	0	8:INT_LIT	51	n	153
114	;	59	7:SPECIAL	48	;	153
115	;	59	7:SPECIAL	48	;	153
116	FOR	8	0:KEYWORD	8	p	154
117	id[5]	5	1:ID	20	a	154
118	:=	0	11:ASSIGN	54	=	154
119	57005	0	8:INT_LIT	51	n	154
120	DOWNTO	5	0:KEYWORD	5	d	154
121	id[6]	6	1:ID	20	a	154
122	+	43	5:A_OPER	33	+	154
123	8	0	8:INT_LIT	51	n	154
124	DO	4	0:KEYWORD	4	z	154
125	BEGIN	2	0:KEYWORD	2	e	155
126	writeln	5	4:PROCED	32	m	156
127	(	40	7:SPECIAL	43	(	156
128	str[1]	1	10:STRING	53	"	156
129	)	41	7:SPECIAL	44	)	156
130	END	7	0:KEYWORD	7	f	157
131	;	59	7:SPECIAL	48	;	157
132	IF	9	0:KEYWORD	9	s	158
133	id[2]	2	1:ID	20	a	158
134	=	2	6:R_OPER	39	¿	158
135	id[3]	3	1:ID	20	a	158
136	THEN	15	0:KEYWORD	15	h	158
137	id[5]	5	1:ID	20	a	159
138	:=	0	11:ASSIGN	54	=	159
139	90	0	8:INT_LIT	51	n	159
140	;	59	7:SPECIAL	48	;	159
141	;	59	7:SPECIAL	48	;	159
142	IF	9	0:KEYWORD	9	s	160
143	id[7]	7	1:ID	20	a	160
144	=	2	6:R_OPER	39	¿	160
145	id[8]	8	1:ID	20	a	160
146	THEN	15	0:KEYWORD	15	h	160
147	id[5]	5	1:ID	20	a	161
148	:=	0	11:ASSIGN	54	=	161
149	90	0	8:INT_LIT	51	n	161
150	;	59	7:SPECIAL	48	;	161
151	;	59	7:SPECIAL	48	;	161
152	REPEAT	14	0:KEYWORD	14	@	162
153	id[9]	9	1:ID	20	a	162
154	:=	0	11:ASSIGN	54	=	162
155	id[10]	10	1:ID	20	a	162
156	+	43	5:A_OPER	33	+	162
157	1	0	8:INT_LIT	51	n	162
158	UNTIL	17	0:KEYWORD	17	k	162
159	id[9]	9	1:ID	20	a	162
160	>	4	6:R_OPER	41	>	162
161	9	0	8:INT_LIT	51	n	162
162	;	59	7:SPECIAL	48	;	162
163	REPEAT	14	0:KEYWORD	14	@	163
164	id[9]	9	1:ID	20	a	163
165	:=	0	11:ASSIGN	54	=	163
166	id[10]	10	1:ID	20	a	163
167	+	43	5:A_OPER	33	+	163
168	1	0	8:INT_LIT	51	n	163
169	UNTIL	17	0:KEYWORD	17	k	163
170	id[9]	9	1:ID	20	a	163
171	>	4	6:R_OPER	41	>	163
172	9	0	8:INT_LIT	51	n	163
173	;	59	7:SPECIAL	48	;	163
174	FOR	8	0:KEYWORD	8	p	164
175	id[5]	5	1:ID	20	a	164
176	:=	0	11:ASSIGN	54	=	164
177	57005	0	8:INT_LIT	51	n	164
178	DOWNTO	5	0:KEYWORD	5	d	164
179	id[11]	11	1:ID	20	a	164
180	DO	4	0:KEYWORD	4	z	164
181	BEGIN	2	0:KEYWORD	2	e	165
182	writeln	5	4:PROCED	32	m	166
183	(	40	7:SPECIAL	43	(	166
184	str[1]	1	10:STRING	53	"	166
185	)	41	7:SPECIAL	44	)	166
186	END	7	0:KEYWORD	7	f	167
187	;	59	7:SPECIAL	48	;	167
188	id[2]	2	1:ID	20	a	168
189	:=	0	11:ASSIGN	54	=	168
190	5	0	8:INT_LIT	51	n	168
191	;	59	7:SPECIAL	48	;	168
192	id[3]	3	1:ID	20	a	169
193	:=	0	11:ASSIGN	54	=	169
194	id[2]	2	1:ID	20	a	169
195	+	43	5:A_OPER	33	+	169
196	3	0	8:INT_LIT	51	n	169
197	;	59	7:SPECIAL	48	;	169
198	IF	9	0:KEYWORD	9	s	170
199	id[2]	2	1:ID	20	a	170
200	>=	5	6:R_OPER	42	$	170
201	18	0	8:INT_LIT	51	n	170
202	THEN	15	0:KEYWORD	15	h	170
203	BEGIN	2	0:KEYWORD	2	e	171
204	id[3]	3	1:ID	20	a	172
205	:=	0	11:ASSIGN	54	=	172
206	40	0	8:INT_LIT	51	n	172
207	END	7	0:KEYWORD	7	f	173
208	;	59	7:SPECIAL	48	;	173
209	;	59	7:SPECIAL	48	;	173
210	writeln	5	4:PROCED	32	m	174
211	(	40	7:SPECIAL	43	(	174
212	str[0]	0	10:STRING	53	"	174
213	)	41	7:SPECIAL	44	)	174
214	4	0	8:INT_LIT	51	n	174
215	;	59	7:SPECIAL	48	;	174
216	IF	9	0:KEYWORD	9	s	175
217	id[2]	2	1:ID	20	a	175
218	=	2	6:R_OPER	39	¿	175
219	60	0	8:INT_LIT	51	n	175
220	THEN	15	0:KEYWORD	15	h	175
221	id[5]	5	1:ID	20	a	176
222	:=	0	11:ASSIGN	54	=	176
223	0	0	8:INT_LIT	51	n	176
224	;	59	7:SPECIAL	48	;	176
225	;	59	7:SPECIAL	48	;	176
226	FOR	8	0:KEYWORD	8	p	177
227	id[5]	5	1:ID	20	a	177
228	:=	0	11:ASSIGN	54	=	177
229	57005	0	8:INT_LIT	51	n	177
230	DOWNTO	5	0:KEYWORD	5	d	177
231	id[6]	6	1:ID	20	a	177
232	+	43	5:A_OPER	33	+	177
233	8	0	8:INT_LIT	51	n	177
234	DO	4	0:KEYWORD	4	z	177
235	BEGIN	2	0:KEYWORD	2	e	178
236	writeln	5	4:PROCED	32	m	179
237	(	40	7:SPECIAL	43	(	179
238	str[1]	1	10:STRING	53	"	179
239	)	41	7:SPECIAL	44	)	179
240	END	7	0:KEYWORD	7	f	180
241	;	59	7:SPECIAL	48	;	180
242	IF	9	0:KEYWORD	9	s	181
243	id[2]	2	1:ID	20	a	181
244	=	2	6:R_OPER	39	¿	181
245	id[3]	3	1:ID	20	a	181
246	THEN	15	0:KEYWORD	15	h	181
247	id[5]	5	1:ID	20	a	182
248	:=	0	11:ASSIGN	54	=	182
249	90	0	8:INT_LIT	51	n	182
250	;	59	7:SPECIAL	48	;	182
251	;	59	7:SPECIAL	48	;	182
252	IF	9	0:KEYWORD	9	s	183
253	id[7]	7	1:ID	20	a	183
254	=	2	6:R_OPER	39	¿	183
255	id[8]	8	1:ID	20	a	183
256	THEN	15	0:KEYWORD	15	h	183
257	id[5]	5	1:ID	20	a	184
258	:=	0	11:ASSIGN	54	=	184
259	90	0	8:INT_LIT	51	n	184
260	;	59	7:SPECIAL	48	;	184
261	;	59	7:SPECIAL	48	;	184
262	REPEAT	14	0:KEYWORD	14	@	185
263	id[9]	9	1:ID	20	a	185
264	:=	0	11:ASSIGN	54	=	185
265	id[10]	10	1:ID	20	a	185
266	+	43	5:A_OPER	33	+	185
267	1	0	8:INT_LIT	51	n	185
268	UNTIL	17	0:KEYWORD	17	k	185
269	id[9]	9	1:ID	20	a	185
270	>	4	6:R_OPER	41	>	185
271	9	0	8:INT_LIT	51	n	185
272	;	59	7:SPECIAL	48	;	185
273	REPEAT	14	0:KEYWORD	14	@	186
274	id[9]	9	1:ID	20	a	186
275	:=	0	11:ASSIGN	54	=	186
276	id[10]	10	1:ID	20	a	186
277	+	43	5:A_OPER	33	+	186
278	1	0	8:INT_LIT	51	n	186
279	UNTIL	17	0:KEYWORD	17	k	186
280	id[9]	9	1:ID	20	a	186
281	>	4	6:R_OPER	41	>	186
282	9	0	8:INT_LIT	51	n	186
283	;	59	7:SPECIAL	48	;	186
284	FOR	8	0:KEYWORD	8	p	187
285	id[5]	5	1:ID	20	a	187
286	:=	0	11:ASSIGN	54	=	187
287	57005	0	8:INT_LIT	51	n	187
288	DOWNTO	5	0:KEYWORD	5	d	187
289	id[11]	11	1:ID	20	a	187
290	DO	4	0:KEYWORD	4	z	187
291	BEGIN	2	0:KEYWORD	2	e	188
292	writeln	5	4:PROCED	32	m	189
293	(	40	7:SPECIAL	43	(	189
294	str[1]	1	10:STRING	53	"	189
295	)	41	7:SPECIAL	44	)	189
296	END	7	0:KEYWORD	7	f	190
297	;	59	7:SPECIAL	48	;	190
298	id[2]	2	1:ID	20	a	191
299	:=	0	11:ASSIGN	54	=	191
300	5	0	8:INT_LIT	51	n	191
301	;	59	7:SPECIAL	48	;	191
302	id[3]	3	1:ID	20	a	192
303	:=	0	11:ASSIGN	54	=	192
304	id[2]	2	1:ID	20	a	192
305	+	43	5:A_OPER	33	+	192
306	3	0	8:INT_LIT	51	n	192
307	;	59	7:SPECIAL	48	;	192
308	IF	9	0:KEYWORD	9	s	193
309	id[2]	2	1:ID	20	a	193
310	>=	5	6:R_OPER	42	$	193
311	18	0	8:INT_LIT	51	n	193
312	THEN	15	0:KEYWORD	15	h	193
313	BEGIN	2	0:KEYWORD	2	e	194
314	id[3]	3	1:ID	20	a	195
315	:=	0	11:ASSIGN	54	=	195
316	40	0	8:INT_LIT	51	n	195
317	END	7	0:KEYWORD	7	f	196
318	;	59	7:SPECIAL	48	;	196
319	;	59	7:SPECIAL	48	;	196
320	writeln	5	4:PROCED	32	m	197
321	(	40	7:SPECIAL	43	(	197
322	str[0]	0	10:STRING	53	"	197
323	)	41	7:SPECIAL	44	)	197
324	4	0	8:INT_LIT	51	n	197
325	;	59	7:SPECIAL	48	;	197
326	IF	9	0:KEYWORD	9	s	198
327	id[2]	2	1:ID	20	a	198
328	=	2	6:R_OPER	39	¿	198
329	60	0	8:INT_LIT	51	n	198
330	THEN	15	0:KEYWORD	15	h	198
331	id[5]	5	1:ID	20	a	199
332	:=	0	11:ASSIGN	54	=	199
333	0	0	8:INT_LIT	51	n	199
334	;	59	7:SPECIAL	48	;	199
335	;	59	7:SPECIAL	48	;	199
336	FOR	8	0:KEYWORD	8	p	200
337	id[5]	5	1:ID	20	a	200
338	:=	0	11:ASSIGN	54	=	200
339	57005	0	8:INT_LIT	51	n	200
340	DOWNTO	5	0:KEYWORD	5	d	200
341	id[6]	6	1:ID	20	a	200
342	+	43	5:A_OPER	33	+	200
343	8	0	8:INT_LIT	51	n	200
344	DO	4	0:KEYWORD	4	z	200
345	BEGIN	2	0:KEYWORD	2	e	201
346	writeln	5	4:PROCED	32	m	202
347	(	40	7:SPECIAL	43	(	202
348	str[1]	1	10:STRING	53	"	202
349	)	41	7:SPECIAL	44	)	202
350	END	7	0:KEYWORD	7	f	203
351	;	59	7:SPECIAL	48	;	203
352	IF	9	0:KEYWORD	9	s	204
353	id[2]	2	1:ID	20	a	204
354	=	2	6:R_OPER	39	¿	204
355	id[3]	3	1:ID	20	a	204
356	THEN	15	0:KEYWORD	15	h	204
357	id[5]	5	1:ID	20	a	205
358	:=	0	11:ASSIGN	54	=	205
359	90	0	8:INT_LIT	51	n	205
360	;	59	7:SPECIAL	48	;	205
361	;	59	7:SPECIAL	48	;	205
362	IF	9	0:KEYWORD	9	s	206
363	id[7]	7	1:ID	20	a	206
364	=	2	6:R_OPER	39	¿	206
365	id[8]	8	1:ID	20	a	206
366	THEN	15	0:KEYWORD	15	h	206
367	id[5]	5	1:ID	20	a	207
368	:=	0	11:ASSIGN	54	=	207
369	90	0	8:INT_LIT	51	n	207
370	;	59	7:SPECIAL	48	;	207
371	;	59	7:SPECIAL	48	;	207
372	REPEAT	14	0:KEYWORD	14	@	208
373	id[9]	9	1:ID	20	a	208
374	:=	0	11:ASSIGN	54	=	208
375	id[10]	10	1:ID	20	a	208
376	+	43	5:A_OPER	33	+	208
377	1	0	8:INT_LIT	51	n	208
378	UNTIL	17	0:KEYWORD	17	k	208
379	id[9]	9	1:ID	20	a	208
380	>	4	6:R_OPER	41	>	208
381	9	0	8:INT_LIT	51	n	208
382	;	59	7:SPECIAL	48	;	208
383	REPEAT	14	0:KEYWORD	14	@	209
384	id[9]	9	1:ID	20	a	209
385	:=	0	11:ASSIGN	54	=	209
386	id[10]	10	1:ID	20	a	209
387	+	43	5:A_OPER	33	+	209
388	1	0	8:INT_LIT	51	n	209
389	UNTIL	17	0:KEYWORD	17	k	209
390	id[9]	9	1:ID	20	a	209
391	>	4	6:R_OPER	41	>	209
392	9	0	8:INT_LIT	51	n	209
393	;	59	7:SPECIAL	48	;	209
394	FOR	8	0:KEYWORD	8	p	210
395	id[5]	5	1:ID	20	a	210
396	:=	0	11:ASSIGN	54	=	210
397	57005	0	8:INT_LIT	51	n	210
398	DOWNTO	5	0:KEYWORD	5	d	210
399	id[11]	11	1:ID	20	a	210
400	DO	4	0:KEYWORD	4	z	210
401	BEGIN	2	0:KEYWORD	2	e	211
402	writeln	5	4:PROCED	32	m	212
403	(	40	7:SPECIAL	43	(	212
404	str[1]	1	10:STRING	53	"	212
405	)	41	7:SPECIAL	44	)	212
406	END	7	0:KEYWORD	7	f	213
407	;	59	7:SPECIAL	48	;	213
408	id[2]	2	1:ID	20	a	214
409	:=	0	11:ASSIGN	54	=	214
410	5	0	8:INT_LIT	51	n	214
411	;	59	7:SPECIAL	48	;	214
412	id[3]	3	1:ID	20	a	215
413	:=	0	11:ASSIGN	54	=	215
414	id[2]	2	1:ID	20	a	215
415	+	43	5:A_OPER	33	+	215
416	3	0	8:INT_LIT	51	n	215
417	;	59	7:SPECIAL	48	;	215
418	IF	9	0:KEYWORD	9	s	216
419	id[2]	2	1:ID	20	a	216
420	>=	5	6:R_OPER	42	$	216
421	18	0	8:INT_LIT	51	n	216
422	THEN	15	0:KEYWORD	15	h	216
423	BEGIN	2	0:KEYWORD	2	e	217
424	id[3]	3	1:ID	20	a	218
425	:=	0	11:ASSIGN	54	=	218
426	40	0	8:INT_LIT	51	n	218
427	END	7	0:KEYWORD	7	f	219
428	;	59	7:SPECIAL	48	;	219
429	;	59	7:SPECIAL	48	;	219
430	writeln	5	4:PROCED	32	m	220
431	(	40	7:SPECIAL	43	(	220
432	str[0]	0	10:STRING	53	"	220
433	)	41	7:SPECIAL	44	)	220
434	4	0	8:INT_LIT	51	n	220
435	;	59	7:SPECIAL	48	;	220
436	IF	9	0:KEYWORD	9	s	221
437	id[2]	2	1:ID	20	a	221
438	=	2	6:R_OPER	39	¿	221
439	60	0	8:INT_LIT	51	n	221
440	THEN	15	0:KEYWORD	15	h	221
441	id[5]	5	1:ID	20	a	222
442	:=	0	11:ASSIGN	54	=	222
443	0	0	8:INT_LIT	51	n	222
444	;	59	7:SPECIAL	48	;	222
445	;	59	7:SPECIAL	48	;	222
446	FOR	8	0:KEYWORD	8	p	223
447	id[5]	5	1:ID	20	a	223
448	:=	0	11:ASSIGN	54	=	223
449	57005	0	8:INT_LIT	51	n	223
450	DOWNTO	5	0:KEYWORD	5	d	223
451	id[6]	6	1:ID	20	a	223
452	+	43	5:A_OPER	33	+	223
453	8	0	8:INT_LIT	51	n	223
454	DO	4	0:KEYWORD	4	z	223
455	BEGIN	2	0:KEYWORD	2	e	224
456	writeln	5	4:PROCED	32	m	225
457	(	40	7:SPECIAL	43	(	225
458	str[1]	1	10:STRING	53	"	225
459	)	41	7:SPECIAL	44	)	225
460	END	7	0:KEYWORD	7	f	226
461	;	59	7:SPECIAL	48	;	226
462	IF	9	0:KEYWORD	9	s	227
463	id[2]	2	1:ID	20	a	227
464	=	2	6:R_OPER	39	¿	227
465	id[3]	3	1:ID	20	a	227
466	THEN	15	0:KEYWORD	15	h	227
467	id[5]	5	1:ID	20	a	228
468	:=	0	11:ASSIGN	54	=	228
469	90	0	8:INT_LIT	51	n	228
470	;	59	7:SPECIAL	48	;	228
471	;	59	7:SPECIAL	48	;	228
472	IF	9	0:KEYWORD	9	s	229
473	id[7]	7	1:ID	20	a	229
474	=	2	6:R_OPER	39	¿	229
475	id[8]	8	1:ID	20	a	229
476	THEN	15	0:KEYWORD	15	h	229
477	id[5]	5	1:ID	20	a	230
478	:=	0	11:ASSIGN	54	=	230
479	90	0	8:INT_LIT	51	n	230
480	;	59	7:SPECIAL	48	;	230
481	;	59	7:SPECIAL	48	;	230
482	REPEAT	14	0:KEYWORD	14	@	231
483	id[9]	9	1:ID	20	a	231
484	:=	0	11:ASSIGN	54	=	231
485	id[10]	10	1:ID	20	a	231
486	+	43	5:A_OPER	33	+	231
487	1	0	8:INT_LIT	51	n	231
488	UNTIL	17	0:KEYWORD	17	k	231
489	id[9]	9	1:ID	20	a	231
490	>	4	6:R_OPER	41	>	231
491	9	0	8:INT_LIT	51	n	231
492	;	59	7:SPECIAL	48	;	231
493	REPEAT	14	0:KEYWORD	14	@	232
494	id[9]	9	1:ID	20	a	232
495	:=	0	11:ASSIGN	54	=	232
496	id[10]	10	1:ID	20	a	232
497	+	43	5:A_OPER	33	+	232
498	1	0	8:INT_LIT	51	n	232
499	UNTIL	17	0:KEYWORD	17	k	232
500	id[9]	9	1:ID	20	a	232
501	>	4	6:R_OPER	41	>	232
502	9	0	8:INT_LIT	51	n	232
503	;	59	7:SPECIAL	48	;	232
504	FOR	8	0:KEYWORD	8	p	233
505	id[5]	5	1:ID	20	a	233
506	:=	0	11:ASSIGN	54	=	233
507	57005	0	8:INT_LIT	51	n	233
508	DOWNTO	5	0:KEYWORD	5	d	233
509	id[11]	11	1:ID	20	a	233
510	DO	4	0:KEYWORD	4	z	233
511	BEGIN	2	0:KEYWORD	2	e	234
512	writeln	5	4:PROCED	32	m	235
513	(	40	7:SPECIAL	43	(	235
514	str[1]	1	10:STRING	53	"	235
515	)	41	7:SPECIAL	44	)	235
516	END	7	0:KEYWORD	7	f	236
517	;	59	7:SPECIAL	48	;	236
518	id[2]	2	1:ID	20	a	237
519	:=	0	11:ASSIGN	54	=	237
520	5	0	8:INT_LIT	51	n	237
521	;	59	7:SPECIAL	48	;	237
522	id[3]	3	1:ID	20	a	238
523	:=	0	11:ASSIGN	54	=	238
524	id[2]	2	1:ID	20	a	238
525	+	43	5:A_OPER	33	+	238
526	3	0	8:INT_LIT	51	n	238
527	;	59	7:SPECIAL	48	;	238
528	IF	9	0:KEYWORD	9	s	239
529	id[2]	2	1:ID	20	a	239
530	>=	5	6:R_OPER	42	$	239
531	18	0	8:INT_LIT	51	n	239
532	THEN	15	0:KEYWORD	15	h	239
533	BEGIN	2	0:KEYWORD	2	e	240
534	id[3]	3	1:ID	20	a	241
535	:=	0	11:ASSIGN	54	=	241
536	40	0	8:INT_LIT	51	n	241
537	END	7	0:KEYWORD	7	f	242
538	;	59	7:SPECIAL	48	;	242
539	;	59	7:SPECIAL	48	;	242
540	writeln	5	4:PROCED	32	m	243
541	(	40	7:SPECIAL	43	(	243
542	str[0]	0	10:STRING	53	"	243
543	)	41	7:SPECIAL	44	)	243
544	4	0	8:INT_LIT	51	n	243
545	;	59	7:SPECIAL	48	;	243
546	IF	9	0:KEYWORD	9	s	244
547	id[2]	2	1:ID	20	a	244
548	=	2	6:R_OPER	39	¿	244
549	60	0	8:INT_LIT	51	n	244
550	THEN	15	0:KEYWORD	15	h	244
551	id[5]	5	1:ID	20	a	245
552	:=	0	11:ASSIGN	54	=	245
553	0	0	8:INT_LIT	51	n	245
554	;	59	7:SPECIAL	48	;	245
555	;	59	7:SPECIAL	48	;	245
556	FOR	8	0:KEYWORD	8	p	246
557	id[5]	5	1:ID	20	a	246
558	:=	0	11:ASSIGN	54	=	246
559	57005	0	8:INT_LIT	51	n	246
560	DOWNTO	5	0:KEYWORD	5	d	246
561	id[6]	6	1:ID	20	a	246
562	+	43	5:A_OPER	33	+	246
563	8	0	8:INT_LIT	51	n	246
564	DO	4	0:KEYWORD	4	z	246
565	BEGIN	2	0:KEYWORD	2	e	247
566	writeln	5	4:PROCED	32	m	248
567	(	40	7:SPECIAL	43	(	248
568	str[1]	1	10:STRING	53	"	248
569	)	41	7:SPECIAL	44	)	248
570	END	7	0:KEYWORD	7	f	249
571	;	59	7:SPECIAL	48	;	249
572	IF	9	0:KEYWORD	9	s	250
573	id[2]	2	1:ID	20	a	250
574	=	2	6:R_OPER	39	¿	250
575	id[3]	3	1:ID	20	a	250
576	THEN	15	0:KEYWORD	15	h	250
577	id[5]	5	1:ID	20	a	251
578	:=	0	11:ASSIGN	54	=	251
579	90	0	8:INT_LIT	51	n	251
580	;	59	7:SPECIAL	48	;	251
581	;	59	7:SPECIAL	48	;	251
582	IF	9	0:KEYWORD	9	s	252
583	id[7]	7	1:ID	20	a	252
584	=	2	6:R_OPER	39	¿	252
585	id[8]	8	1:ID	20	a	252
586	THEN	15	0:KEYWORD	15	h	252
587	id[5]	5	1:ID	20	a	253
588	:=	0	11:ASSIGN	54	=	253
589	90	0	8:INT_LIT	51	n	253
590	;	59	7:SPECIAL	48	;	253
591	;	59	7:SPECIAL	48	;	253
592	REPEAT	14	0:KEYWORD	14	@	254
593	id[9]	9	1:ID	20	a	254
594	:=	0	11:ASSIGN	54	=	254
595	id[10]	10	1:ID	20	a	254
596	+	43	5:A_OPER	33	+	254
597	1	0	8:INT_LIT	51	n	254
598	UNTIL	17	0:KEYWORD	17	k	254
599	id[9]	9	1:ID	20	a	254
600	>	4	6:R_OPER	41	>	254
601	9	0	8:INT_LIT	51	n	254
602	;	59	7:SPECIAL	48	;	254
603	REPEAT	14	0:KEYWORD	14	@	255
604	id[9]	9	1:ID	20	a	255
605	:=	0	11:ASSIGN	54	=	255
606	id[10]	10	1:ID	20	a	255
607	+	43	5:A_OPER	33	+	255
608	1	0	8:INT_LIT	51	n	255
609	UNTIL	17	0:KEYWORD	17	k	255
610	id[9]	9	1:ID	20	a	255
611	>	4	6:R_OPER	41	>	255
612	9	0	8:INT_LIT	51	n	255
613	;	59	7:SPECIAL	48	;	255
614	FOR	8	0:KEYWORD	8	p	256
615	id[5]	5	1:ID	20	a	256
616	:=	0	11:ASSIGN	54	=	256
617	57005	0	8:INT_LIT	51	n	256
618	DOWNTO	5	0:KEYWORD	5	d	256
619	id[11]	11	1:ID	20	a	256
620	DO	4	0:KEYWORD	4	z	256
621	BEGIN	2	0:KEYWORD	2	e	257
622	writeln	5	4:PROCED	32	m	258
623	(	40	7:SPECIAL	43	(	258
624	str[1]	1	10:STRING	53	"	258
625	)	41	7:SPECIAL	44	)	258
626	END	7	0:KEYWORD	7	f	259
627	;	59	7:SPECIAL	48	;	259
628	id[2]	2	1:ID	20	a	260
629	:=	0	11:ASSIGN	54	=	260
630	5	0	8:INT_LIT	51	n	260
631	;	59	7:SPECIAL	48	;	260
632	id[3]	3	1:ID	20	a	261
633	:=	0	11:ASSIGN	54	=	261
634	id[2]	2	1:ID	20	a	261
635	+	43	5:A_OPER	33	+	261
636	3	0	8:INT_LIT	51	n	261
637	;	59	7:SPECIAL	48	;	261
638	IF	9	0:KEYWORD	9	s	262
639	id[2]	2	1:ID	20	a	262
640	>=	5	6:R_OPER	42	$	262
641	18	0	8:INT_LIT	51	n	262
642	THEN	15	0:KEYWORD	15	h	262
643	BEGIN	2	0:KEYWORD	2	e	263
644	id[3]	3	1:ID	20	a	264
645	:=	0	11:ASSIGN	54	=	264
646	40	0	8:INT_LIT	51	n	264
647	END	7	0:KEYWORD	7	f	265
648	;	59	7:SPECIAL	48	;	265
649	;	59	7:SPECIAL	48	;	265
650	writeln	5	4:PROCED	32	m	266
651	(	40	7:SPECIAL	43	(	266
652	str[0]	0	10:STRING	53	"	266
653	)	41	7:SPECIAL	44	)	266
654	4	0	8:INT_LIT	51	n	266
655	;	59	7:SPECIAL	48	;	266
656	IF	9	0:KEYWORD	9	s	267
657	id[2]	2	1:ID	20	a	267
658	=	2	6:R_OPER	39	¿	267
659	60	0	8:INT_LIT	51	n	267
660	THEN	15	0:KEYWORD	15	h	267
661	id[5]	5	1:ID	20	a	268
662	:=	0	11:ASSIGN	54	=	268
663	0	0	8:INT_LIT	51	n	268
664	;	59	7:SPECIAL	48	;	268
665	;	59	7:SPECIAL	48	;	268
666	FOR	8	0:KEYWORD	8	p	269
667	id[5]	5	1:ID	20	a	269
668	:=	0	11:ASSIGN	54	=	269
669	57005	0	8:INT_LIT	51	n	269
670	DOWNTO	5	0:KEYWORD	5	d	269
671	id[6]	6	1:ID	20	a	269
672	+	43	5:A_OPER	33	+	269
673	8	0	8:INT_LIT	51	n	269
674	DO	4	0:KEYWORD	4	z	269
675	BEGIN	2	0:KEYWORD	2	e	270
676	writeln	5	4:PROCED	32	m	271
677	(	40	7:SPECIAL	43	(	271
678	str[1]	1	10:STRING	53	"	271
679	)	41	7:SPECIAL	44	)	271
680	END	7	0:KEYWORD	7	f	272
681	;	59	7:SPECIAL	48	;	272
682	IF	9	0:KEYWORD	9	s	273
683	id[2]	2	1:ID	20	a	273
684	=	2	6:R_OPER	39	¿	273
685	id[3]	3	1:ID	20	a	273
686	THEN	15	0:KEYWORD	15	h	273
687	id[5]	5	1:ID	20	a	274
688	:=	0	11:ASSIGN	54	=	274
689	90	0	8:INT_LIT	51	n	274
690	;	59	7:SPECIAL	48	;	274
691	;	59	7:SPECIAL	48	;	274
692	IF	9	0:KEYWORD	9	s	275
693	id[7]	7	1:ID	20	a	275
694	=	2	6:R_OPER	39	¿	275
695	id[8]	8	1:ID	20	a	275
696	THEN	15	0:KEYWORD	15	h	275
697	id[5]	5	1:ID	20	a	276
698	:=	0	11:ASSIGN	54	=	276
699	90	0	8:INT_LIT	51	n	276
700	;	59	7:SPECIAL	48	;	276
701	;	59	7:SPECIAL	48	;	276
702	REPEAT	14	0:KEYWORD	14	@	277
703	id[9]	9	1:ID	20	a	277
704	:=	0	11:ASSIGN	54	=	277
705	id[10]	10	1:ID	20	a	277
706	+	43	5:A_OPER	33	+	277
707	1	0	8:INT_LIT	51	n	277
708	UNTIL	17	0:KEYWORD	17	k	277
709	id[9]	9	1:ID	20	a	277
710	>	4	6:R_OPER	41	>	277
711	9	0	8:INT_LIT	51	n	277
712	;	59	7:SPECIAL	48	;	277
713	REPEAT	14	0:KEYWORD	14	@	278
714	id[9]	9	1:ID	20	a	278
715	:=	0	11:ASSIGN	54	=	278
716	id[10]	10	1:ID	20	a	278
717	+	43	5:A_OPER	33	+	278
718	1	0	8:INT_LIT	51	n	278
719	UNTIL	17	0:KEYWORD	17	k	278
720	id[9]	9	1:ID	20	a	278
721	>	4	6:R_OPER	41	>	278
722	9	0	8:INT_LIT	51	n	278
723	;	59	7:SPECIAL	48	;	278
724	FOR	8	0:KEYWORD	8	p	279
725	id[5]	5	1:ID	20	a	279
726	:=	0	11:ASSIGN	54	=	279
727	57005	0	8:INT_LIT	51	n	279
728	DOWNTO	5	0:KEYWORD	5	d	279
729	id[11]	11	1:ID	20	a	279
730	DO	4	0:KEYWORD	4	z	279
731	BEGIN	2	0:KEYWORD	2	e	280
732	writeln	5	4:PROCED	32	m	281
733	(	40	7:SPECIAL	43	(	281
734	str[1]	1	10:STRING	53	"	281
735	)	41	7:SPECIAL	44	)	281
736	END	7	0:KEYWORD	7	f	282
737	;	59	7:SPECIAL	48	;	282
738	id[2]	2	1:ID	20	a	283
739	:=	0	11:ASSIGN	54	=	283
740	5	0	8:INT_LIT	51	n	283
741	;	59	7:SPECIAL	48	;	283
742	id[3]	3	1:ID	20	a	284
743	:=	0	11:ASSIGN	54	=	284
744	id[2]	2	1:ID	20	a	284
745	+	43	5:A_OPER	33	+	284
746	3	0	8:INT_LIT	51	n	284
747	;	59	7:SPECIAL	48	;	284
748	IF	9	0:KEYWORD	9	s	285
749	id[2]	2	1:ID	20	a	285
750	>=	5	6:R_OPER	42	$	285
751	18	0	8:INT_LIT	51	n	285
752	THEN	15	0:KEYWORD	15	h	285
753	BEGIN	2	0:KEYWORD	2	e	286
754	id[3]	3	1:ID	20	a	287
755	:=	0	11:ASSIGN	54	=	287
756	40	0	8:INT_LIT	51	n	287
757	END	7	0:KEYWORD	7	f	288
758	;	59	7:SPECIAL	48	;	288
759	;	59	7:SPECIAL	48	;	288
760	writeln	5	4:PROCED	32	m	289
761	(	40	7:SPECIAL	43	(	289
762	str[0]	0	10:STRING	53	"	289
763	)	41	7:SPECIAL	44	)	289
764	4	0	8:INT_LIT	51	n	289
765	;	59	7:SPECIAL	48	;	289
766	IF	9	0:KEYWORD	9	s	290
767	id[2]	2	1:ID	20	a	290
768	=	2	6:R_OPER	39	¿	290
769	60	0	8:INT_LIT	51	n	290
770	THEN	15	0:KEYWORD	15	h	290
771	id[5]	5	1:ID	20	a	291
772	:=	0	11:ASSIGN	54	=	291
773	0	0	8:INT_LIT	51	n	291
774	;	59	7:SPECIAL	48	;	291
775	;	59	7:SPECIAL	48	;	291
776	FOR	8	0:KEYWORD	8	p	292
777	id[5]	5	1:ID	20	a	292
778	:=	0	11:ASSIGN	54	=	292
779	57005	0	8:INT_LIT	51	n	292
780	DOWNTO	5	0:KEYWORD	5	d	292
781	id[6]	6	1:ID	20	a	292
782	+	43	5:A_OPER	33	+	292
783	8	0	8:INT_LIT	51	n	292
784	DO	4	0:KEYWORD	4	z	292
785	BEGIN	2	0:KEYWORD	2	e	293
786	writeln	5	4:PROCED	32	m	294
787	(	40	7:SPECIAL	43	(	294
788	str[1]	1	10:STRING	53	"	294
789	)	41	7:SPECIAL	44	)	294
790	END	7	0:KEYWORD	7	f	295
791	;	59	7:SPECIAL	48	;	295
792	IF	9	0:KEYWORD	9	s	296
793	id[2]	2	1:ID	20	a	296
794	=	2	6:R_OPER	39	¿	296
795	id[3]	3	1:ID	20	a	296
796	THEN	15	0:KEYWORD	15	h	296
797	id[5]	5	1:ID	20	a	297
798	:=	0	11:ASSIGN	54	=	297
799	90	0	8:INT_LIT	51	n	297
800	;	59	7:SPECIAL	48	;	297
801	;	59	7:SPECIAL	48	;	297
802	IF	9	0:KEYWORD	9	s	298
803	id[7]	7	1:ID	20	a	298
804	=	2	6:R_OPER	39	¿	298
805	id[8]	8	1:ID	20	a	298
806	THEN	15	0:KEYWORD	15	h	298
807	id[5]	5	1:ID	20	a	299
808	:=	0	11:ASSIGN	54	=	299
809	90	0	8:INT_LIT	51	n	299
810	;	59	7:SPECIAL	48	;	299
811	;	59	7:SPECIAL	48	;	299
812	REPEAT	14	0:KEYWORD	14	@	300
813	id[9]	9	1:ID	20	a	300
814	:=	0	11:ASSIGN	54	=	300
815	id[10]	10	1:ID	20	a	300
816	+	43	5:A_OPER	33	+	300
817	1	0	8:INT_LIT	51	n	300
818	UNTIL	17	0:KEYWORD	17	k	300
819	id[9]	9	1:ID	20	a	300
820	>	4	6:R_OPER	41	>	300
821	9	0	8:INT_LIT	51	n	300
822	;	59	7:SPECIAL	48	;	300
823	REPEAT	14	0:KEYWORD	14	@	301
824	id[9]	9	1:ID	20	a	301
825	:=	0	11:ASSIGN	54	=	301
826	id[10]	10	1:ID	20	a	301
827	+	43	5:A_OPER	33	+	301
828	1	0	8:INT_LIT	51	n	301
829	UNTIL	17	0:KEYWORD	17	k	301
830	id[9]	9	1:ID	20	a	301
831	>	4	6:R_OPER	41	>	301
832	9	0	8:INT_LIT	51	n	301
833	;	59	7:SPECIAL	48	;	301
834	FOR	8	0:KEYWORD	8	p	302
835	id[5]	5	1:ID	20	a	302
836	:=	0	11:ASSIGN	54	=	302
837	57005	0	8:INT_LIT	51	n	302
838	DOWNTO	5	0:KEYWORD	5	d	302
839	id[11]	11	1:ID	20	a	302
840	DO	4	0:KEYWORD	4	z	302
841	BEGIN	2	0:KEYWORD	2	e	303
842	writeln	5	4:PROCED	32	m	304
843	(	40	7:SPECIAL	43	(	304
844	str[1]	1	10:STRING	53	"	304
845	)	41	7:SPECIAL	44	)	304
846	END	7	0:KEYWORD	7	f	305
847	;	59	7:SPECIAL	48	;	305
848	id[2]	2	1:ID	20	a	306
849	:=	0	11:ASSIGN	54	=	306
850	5	0	8:INT_LIT	51	n	306
851	;	59	7:SPECIAL	48	;	306
852	id[3]	3	1:ID	20	a	307
853	:=	0	11:ASSIGN	54	=	307
854	id[2]	2	1:ID	20	a	307
855	+	43	5:A_OPER	33	+	307
856	3	0	8:INT_LIT	51	n	307
857	;	59	7:SPECIAL	48	;	307
858	IF	9	0:KEYWORD	9	s	308
859	id[2]	2	1:ID	20	a	308
860	>=	5	6:R_OPER	42	$	308
861	18	0	8:INT_LIT	51	n	308
862	THEN	15	0:KEYWORD	15	h	308
863	BEGIN	2	0:KEYWORD	2	e	309
864	id[3]	3	1:ID	20	a	310
865	:=	0	11:ASSIGN	54	=	310
866	40	0	8:INT_LIT	51	n	310
867	END	7	0:KEYWORD	7	f	311
868	;	59	7:SPECIAL	48	;	311
869	;	59	7:SPECIAL	48	;	311
870	writeln	5	4:PROCED	32	m	312
871	(	40	7:SPECIAL	43	(	312
872	str[0]	0	10:STRING	53	"	312
873	)	41	7:SPECIAL	44	)	312
874	4	0	8:INT_LIT	51	n	312
875	;	59	7:SPECIAL	48	;	312
876	IF	9	0:KEYWORD	9	s	313
877	id[2]	2	1:ID	20	a	313
878	=	2	6:R_OPER	39	¿	313
879	60	0	8:INT_LIT	51	n	313
880	THEN	15	0:KEYWORD	15	h	313
881	id[5]	5	1:ID	20	a	314
882	:=	0	11:ASSIGN	54	=	314
883	0	0	8:INT_LIT	51	n	314
884	;	59	7:SPECIAL	48	;	314
885	;	59	7:SPECIAL	48	;	314
886	FOR	8	0:KEYWORD	8	p	315
887	id[5]	5	1:ID	20	a	315
888	:=	0	11:ASSIGN	54	=	315
889	57005	0	8:INT_LIT	51	n	315
890	DOWNTO	5	0:KEYWORD	5	d	315
891	id[6]	6	1:ID	20	a	315
892	+	43	5:A_OPER	33	+	315
893	8	0	8:INT_LIT	51	n	315
894	DO	4	0:KEYWORD	4	z	315
895	BEGIN	2	0:KEYWORD	2	e	316
896	writeln	5	4:PROCED	32	m	317
897	(	40	7:SPECIAL	43	(	317
898	str[1]	1	10:STRING	53	"	317
899	)	41	7:SPECIAL	44	)	317
900	END	7	0:KEYWORD	7	f	318
901	;	59	7:SPECIAL	48	;	318
902	IF	9	0:KEYWORD	9	s	319
903	id[2]	2	1:ID	20	a	319
904	=	2	6:R_OPER	39	¿	319
905	id[3]	3	1:ID	20	a	319
906	THEN	15	0:KEYWORD	15	h	319
907	id[5]	5	1:ID	20	a	320
908	:=	0	11:ASSIGN	54	=	320
909	90	0	8:INT_LIT	51	n	320
910	;	59	7:SPECIAL	48	;	320
911	;	59	7:SPECIAL	48	;	320
912	IF	9	0:KEYWORD	9	s	321
913	id[7]	7	1:ID	20	a	321
914	=	2	6:R_OPER	39	¿	321
915	id[8]	8	1:ID	20	a	321
916	THEN	15	0:KEYWORD	15	h	321
917	id[5]	5	1:ID	20	a	322
918	:=	0	11:ASSIGN	54	=	322
919	90	0	8:INT_LIT	51	n	322
920	;	59	7:SPECIAL	48	;	322
921	;	59	7:SPECIAL	48	;	322
922	REPEAT	14	0:KEYWORD	14	@	323
923	id[9]	9	1:ID	20	a	323
924	:=	0	11:ASSIGN	54	=	323
925	id[10]	10	1:ID	20	a	323
926	+	43	5:A_OPER	33	+	323
927	1	0	8:INT_LIT	51	n	323
928	UNTIL	17	0:KEYWORD	17	k	323
929	id[9]	9	1:ID	20	a	323
930	>	4	6:R_OPER	41	>	323
931	9	0	8:INT_LIT	51	n	323
932	;	59	7:SPECIAL	48	;	323
933	REPEAT	14	0:KEYWORD	14	@	324
934	id[9]	9	1:ID	20	a	324
935	:=	0	11:ASSIGN	54	=	324
936	id[10]	10	1:ID	20	a	324
937	+	43	5:A_OPER	33	+	324
938	1	0	8:INT_LIT	51	n	324
939	UNTIL	17	0:KEYWORD	17	k	324
940	id[9]	9	1:ID	20	a	324
941	>	4	6:R_OPER	41	>	324
942	9	0	8:INT_LIT	51	n	324
943	;	59	7:SPECIAL	48	;	324
944	FOR	8	0:KEYWORD	8	p	325
945	id[5]	5	1:ID	20	a	325
946	:=	0	11:ASSIGN	54	=	325
947	57005	0	8:INT_LIT	51	n	325
948	DOWNTO	5	0:KEYWORD	5	d	325
949	id[11]	11	1:ID	20	a	325
950	DO	4	0:KEYWORD	4	z	325
951	BEGIN	2	0:KEYWORD	2	e	326
952	writeln	5	4:PROCED	32	m	327
953	(	40	7:SPECIAL	43	(	327
954	str[1]	1	10:STRING	53	"	327
955	)	41	7:SPECIAL	44	)	327
956	END	7	0:KEYWORD	7	f	328
957	;	59	7:SPECIAL	48	;	328
958	id[2]	2	1:ID	20	a	329
959	:=	0	11:ASSIGN	54	=	329
960	5	0	8:INT_LIT	51	n	329
961	;	59	7:SPECIAL	48	;	329
962	id[3]	3	1:ID	20	a	330
963	:=	0	11:ASSIGN	54	=	330
964	id[2]	2	1:ID	20	a	330
965	+	43	5:A_OPER	33	+	330
966	3	0	8:INT_LIT	51	n	330
967	;	59	7:SPECIAL	48	;	330
968	IF	9	0:KEYWORD	9	s	331
969	id[2]	2	1:ID	20	a	331
970	>=	5	6:R_OPER	42	$	331
971	18	0	8:INT_LIT	51	n	331
972	THEN	15	0:KEYWORD	15	h	331
973	BEGIN	2	0:KEYWORD	2	e	332
974	id[3]	3	1:ID	20	a	333
975	:=	0	11:ASSIGN	54	=	333
976	40	0	8:INT_LIT	51	n	333
977	END	7	0:KEYWORD	7	f	334
978	;	59	7:SPECIAL	48	;	334
979	;	59	7:SPECIAL	48	;	334
980	writeln	5	4:PROCED	32	m	335
981	(	40	7:SPECIAL	43	(	335
982	str[0]	0	10:STRING	53	"	335
983	)	41	7:SPECIAL	44	)	335
984	4	0	8:INT_LIT	51	n	335
985	;	59	7:SPECIAL	48	;	335
986	IF	9	0:KEYWORD	9	s	336
987	id[2]	2	1:ID	20	a	336
988	=	2	6:R_OPER	39	¿	336
989	60	0	8:INT_LIT	51	n	336
990	THEN	15	0:KEYWORD	15	h	336
991	id[5]	5	1:ID	20	a	337
992	:=	0	11:ASSIGN	54	=	337
993	0	0	8:INT_LIT	51	n	337
994	;	59	7:SPECIAL	48	;	337
995	;	59	7:SPECIAL	48	;	337
996	FOR	8	0:KEYWORD	8	p	338
997	id[5]	5	1:ID	20	a	338
998	:=	0	11:ASSIGN	54	=	338
999	57005	0	8:INT_LIT	51	n	338
1000	DOWNTO	5	0:KEYWORD	5	d	338
1001	id[6]	6	1:ID	20	a	338
1002	+	43	5:A_OPER	33	+	338
1003	8	0	8:INT_LIT	51	n	338
1004	DO	4	0:KEYWORD	4	z	338
1005	BEGIN	2	0:KEYWORD	2	e	339
1006	writeln	5	4:PROCED	32	m	340
1007	(	40	7:SPECIAL	43	(	340
1008	str[1]	1	10:STRING	53	"	340
1009	)	41	7:SPECIAL	44	)	340
1010	END	7	0:KEYWORD	7	f	341
1011	;	59	7:SPECIAL	48	;	341
1012	IF	9	0:KEYWORD	9	s	342
1013	id[2]	2	1:ID	20	a	342
1014	=	2	6:R_OPER	39	¿	342
1015	id[3]	3	1:ID	20	a	342
1016	THEN	15	0:KEYWORD	15	h	342
1017	id[5]	5	1:ID	20	a	343
1018	:=	0	11:ASSIGN	54	=	343
1019	90	0	8:INT_LIT	51	n	343
1020	;	59	7:SPECIAL	48	;	343
1021	;	59	7:SPECIAL	48	;	343
1022	IF	9	0:KEYWORD	9	s	344
1023	id[7]	7	1:ID	20	a	344
1024	=	2	6:R_OPER	39	¿	344
1025	id[8]	8	1:ID	20	a	344
1026	THEN	15	0:KEYWORD	15	h	344
1027	id[5]	5	1:ID	20	a	345
1028	:=	0	11:ASSIGN	54	=	345
1029	90	0	8:INT_LIT	51	n	345
1030	;	59	7:SPECIAL	48	;	345
1031	;	59	7:SPECIAL	48	;	345
1032	REPEAT	14	0:KEYWORD	14	@	346
1033	id[9]	9	1:ID	20	a	346
1034	:=	0	11:ASSIGN	54	=	346
1035	id[10]	10	1:ID	20	a	346
1036	+	43	5:A_OPER	33	+	346
1037	1	0	8:INT_LIT	51	n	346
1038	UNTIL	17	0:KEYWORD	17	k	346
1039	id[9]	9	1:ID	20	a	346
1040	>	4	6:R_OPER	41	>	346
1041	9	0	8:INT_LIT	51	n	346
1042	;	59	7:SPECIAL	48	;	346
1043	REPEAT	14	0:KEYWORD	14	@	347
1044	id[9]	9	1:ID	20	a	347
1045	:=	0	11:ASSIGN	54	=	347
1046	id[10]	10	1:ID	20	a	347
1047	+	43	5:A_OPER	33	+	347
1048	1	0	8:INT_LIT	51	n	347
1049	UNTIL	17	0:KEYWORD	17	k	347
1050	id[9]	9	1:ID	20	a	347
1051	>	4	6:R_OPER	41	>	347
1052	9	0	8:INT_LIT	51	n	347
1053	;	59	7:SPECIAL	48	;	347
1054	FOR	8	0:KEYWORD	8	p	348
1055	id[5]	5	1:ID	20	a	348
1056	:=	0	11:ASSIGN	54	=	348
1057	57005	0	8:INT_LIT	51	n	348
1058	DOWNTO	5	0:KEYWORD	5	d	348
1059	id[11]	11	1:ID	20	a	348
1060	DO	4	0:KEYWORD	4	z	348
1061	BEGIN	2	0:KEYWORD	2	e	349
1062	writeln	5	4:PROCED	32	m	350
1063	(	40	7:SPECIAL	43	(	350
1064	str[1]	1	10:STRING	53	"	350
1065	)	41	7:SPECIAL	44	)	350
1066	END	7	0:KEYWORD	7	f	351
1067	;	59	7:SPECIAL	48	;	351
1068	id[2]	2	1:ID	20	a	352
1069	:=	0	11:ASSIGN	54	=	352
1070	5	0	8:INT_LIT	51	n	352
1071	;	59	7:SPECIAL	48	;	352
1072	id[3]	3	1:ID	20	a	353
1073	:=	0	11:ASSIGN	54	=	353
1074	id[2]	2	1:ID	20	a	353
1075	+	43	5:A_OPER	33	+	353
1076	3	0	8:INT_LIT	51	n	353
1077	;	59	7:SPECIAL	48	;	353
1078	IF	9	0:KEYWORD	9	s	354
1079	id[2]	2	1:ID	20	a	354
1080	>=	5	6:R_OPER	42	$	354
1081	18	0	8:INT_LIT	51	n	354
1082	THEN	15	0:KEYWORD	15	h	354
1083	BEGIN	2	0:KEYWORD	2	e	355
1084	id[3]	3	1:ID	20	a	356
1085	:=	0	11:ASSIGN	54	=	356
1086	40	0	8:INT_LIT	51	n	356
1087	END	7	0:KEYWORD	7	f	357
1088	;	59	7:SPECIAL	48	;	357
1089	;	59	7:SPECIAL	48	;	357
1090	writeln	5	4:PROCED	32	m	358
1091	(	40	7:SPECIAL	43	(	358
1092	str[0]	0	10:STRING	53	"	358
1093	)	41	7:SPECIAL	44	)	358
1094	4	0	8:INT_LIT	51	n	358
1095	;	59	7:SPECIAL	48	;	358
1096	IF	9	0:KEYWORD	9	s	359
1097	id[2]	2	1:ID	20	a	359
1098	=	2	6:R_OPER	39	¿	359
1099	60	0	8:INT_LIT	51	n	359
1100	THEN	15	0:KEYWORD	15	h	359
1101	id[5]	5	1:ID	20	a	360
1102	:=	0	11:ASSIGN	54	=	360
1103	0	0	8:INT_LIT	51	n	360
1104	;	59	7:SPECIAL	48	;	360
1105	;	59	7:SPECIAL	48	;	360
1106	FOR	8	0:KEYWORD	8	p	361
1107	id[5]	5	1:ID	20	a	361
1108	:=	0	11:ASSIGN	54	=	361
1109	57005	0	8:INT_LIT	51	n	361
1110	DOWNTO	5	0:KEYWORD	5	d	361
1111	id[6]	6	1:ID	20	a	361
1112	+	43	5:A_OPER	33	+	361
1113	8	0	8:INT_LIT	51	n	361
1114	DO	4	0:KEYWORD	4	z	361
1115	BEGIN	2	0:KEYWORD	2	e	362
1116	writeln	5	4:PROCED	32	m	363
1117	(	40	7:SPECIAL	43	(	363
1118	str[1]	1	10:STRING	53	"	363
1119	)	41	7:SPECIAL	44	)	363
1120	END	7	0:KEYWORD	7	f	364
1121	;	59	7:SPECIAL	48	;	364
1122	IF	9	0:KEYWORD	9	s	365
1123	id[2]	2	1:ID	20	a	365
1124	=	2	6:R_OPER	39	¿	365
1125	id[3]	3	1:ID	20	a	365
1126	THEN	15	0:KEYWORD	15	h	365
1127	id[5]	5	1:ID	20	a	366
1128	:=	0	11:ASSIGN	54	=	366
1129	90	0	8:INT_LIT	51	n	366
1130	;	59	7:SPECIAL	48	;	366
1131	;	59	7:SPECIAL	48	;	366
1132	IF	9	0:KEYWORD	9	s	367
1133	id[7]	7	1:ID	20	a	367
1134	=	2	6:R_OPER	39	¿	367
1135	id[8]	8	1:ID	20	a	367
1136	THEN	15	0:KEYWORD	15	h	367
1137	id[5]	5	1:ID	20	a	368
1138	:=	0	11:ASSIGN	54	=	368
1139	90	0	8:INT_LIT	51	n	368
1140	;	59	7:SPECIAL	48	;	368
1141	;	59	7:SPECIAL	48	;	368
1142	REPEAT	14	0:KEYWORD	14	@	369
1143	id[9]	9	1:ID	20	a	369
1144	:=	0	11:ASSIGN	54	=	369
1145	id[10]	10	1:ID	20	a	369
1146	+	43	5:A_OPER	33	+	369
1147	1	0	8:INT_LIT	51	n	369
1148	UNTIL	17	0:KEYWORD	17	k	369
1149	id[9]	9	1:ID	20	a	369
1150	>	4	6:R_OPER	41	>	369
1151	9	0	8:INT_LIT	51	n	369
1152	;	59	7:SPECIAL	48	;	369
1153	REPEAT	14	0:KEYWORD	14	@	370
1154	id[9]	9	1:ID	20	a	370
1155	:=	0	11:ASSIGN	54	=	370
1156	id[10]	10	1:ID	20	a	370
1157	+	43	5:A_OPER	33	+	370
1158	1	0	8:INT_LIT	51	n	370
1159	UNTIL	17	0:KEYWORD	17	k	370
1160	id[9]	9	1:ID	20	a	370
1161	>	4	6:R_OPER	41	>	370
1162	9	0	8:INT_LIT	51	n	370
1163	;	59	7:SPECIAL	48	;	370
1164	FOR	8	0:KEYWORD	8	p	371
1165	id[5]	5	1:ID	20	a	371
1166	:=	0	11:ASSIGN	54	=	371
1167	57005	0	8:INT_LIT	51	n	371
1168	DOWNTO	5	0:KEYWORD	5	d	371
1169	id[11]	11	1:ID	20	a	371
1170	DO	4	0:KEYWORD	4	z	371
1171	BEGIN	2	0:KEYWORD	2	e	372
1172	writeln	5	4:PROCED	32	m	373
1173	(	40	7:SPECIAL	43	(	373
1174	str[1]	1	10:STRING	53	"	373
1175	)	41	7:SPECIAL	44	)	373
1176	END	7	0:KEYWORD	7	f	374
1177	;	59	7:SPECIAL	48	;	374
1178	id[2]	2	1:ID	20	a	375
1179	:=	0	11:ASSIGN	54	=	375
1180	5	0	8:INT_LIT	51	n	375
1181	;	59	7:SPECIAL	48	;	375
1182	id[3]	3	1:ID	20	a	376
1183	:=	0	11:ASSIGN	54	=	376
1184	id[2]	2	1:ID	20	a	376
1185	+	43	5:A_OPER	33	+	376
1186	3	0	8:INT_LIT	51	n	376
1187	;	59	7:SPECIAL	48	;	376
1188	IF	9	0:KEYWORD	9	s	377
1189	id[2]	2	1:ID	20	a	377
1190	>=	5	6:R_OPER	42	$	377
1191	18	0	8:INT_LIT	51	n	377
1192	THEN	15	0:KEYWORD	15	h	377
1193	BEGIN	2	0:KEYWORD	2	e	378
1194	id[3]	3	1:ID	20	a	379
1195	:=	0	11:ASSIGN	54	=	379
1196	40	0	8:INT_LIT	51	n	379
1197	END	7	0:KEYWORD	7	f	380
1198	;	59	7:SPECIAL	48	;	380
1199	;	59	7:SPECIAL	48	;	380
1200	writeln	5	4:PROCED	32	m	381
1201	(	40	7:SPECIAL	43	(	381
1202	str[0]	0	10:STRING	53	"	381
1203	)	41	7:SPECIAL	44	)	381
1204	4	0	8:INT_LIT	51	n	381
1205	;	59	7:SPECIAL	48	;	381
1206	IF	9	0:KEYWORD	9	s	382
1207	id[2]	2	1:ID	20	a	382
1208	=	2	6:R_OPER	39	¿	382
1209	60	0	8:INT_LIT	51	n	382
1210	THEN	15	0:KEYWORD	15	h	382
1211	id[5]	5	1:ID	20	a	383
1212	:=	0	11:ASSIGN	54	=	383
1213	0	0	8:INT_LIT	51	n	383
1214	;	59	7:SPECIAL	48	;	383
1215	;	59	7:SPECIAL	48	;	383
1216	FOR	8	0:KEYWORD	8	p	384
1217	id[5]	5	1:ID	20	a	384
1218	:=	0	11:ASSIGN	54	=	384
1219	57005	0	8:INT_LIT	51	n	384
1220	DOWNTO	5	0:KEYWORD	5	d	384
1221	id[6]	6	1:ID	20	a	384
1222	+	43	5:A_OPER	33	+	384
1223	8	0	8:INT_LIT	51	n	384
1224	DO	4	0:KEYWORD	4	z	384
1225	BEGIN	2	0:KEYWORD	2	e	385
1226	writeln	5	4:PROCED	32	m	386
1227	(	40	7:SPECIAL	43	(	386
1228	str[1]	1	10:STRING	53	"	386
1229	)	41	7:SPECIAL	44	)	386
1230	END	7	0:KEYWORD	7	f	387
1231	;	59	7:SPECIAL	48	;	387
1232	IF	9	0:KEYWORD	9	s	388
1233	id[2]	2	1:ID	20	a	388
1234	=	2	6:R_OPER	39	¿	388
1235	id[3]	3	1:ID	20	a	388
1236	THEN	15	0:KEYWORD	15	h	388
1237	id[5]	5	1:ID	20	a	389
1238	:=	0	11:ASSIGN	54	=	389
1239	90	0	8:INT_LIT	51	n	389
1240	;	59	7:SPECIAL	48	;	389
1241	;	59	7:SPECIAL	48	;	389
1242	IF	9	0:KEYWORD	9	s	390
1243	id[7]	7	1:ID	20	a	390
1244	=	2	6:R_OPER	39	¿	390
1245	id[8]	8	1:ID	20	a	390
1246	THEN	15	0:KEYWORD	15	h	390
1247	id[5]	5	1:ID	20	a	391
1248	:=	0	11:ASSIGN	54	=	391
1249	90	0	8:INT_LIT	51	n	391
1250	;	59	7:SPECIAL	48	;	391
1251	;	59	7:SPECIAL	48	;	391
1252	REPEAT	14	0:KEYWORD	14	@	392
1253	id[9]	9	1:ID	20	a	392
1254	:=	0	11:ASSIGN	54	=	392
1255	id[10]	10	1:ID	20	a	392
1256	+	43	5:A_OPER	33	+	392
1257	1	0	8:INT_LIT	51	n	392
1258	UNTIL	17	0:KEYWORD	17	k	392
1259	id[9]	9	1:ID	20	a	392
1260	>	4	6:R_OPER	41	>	392
1261	9	0	8:INT_LIT	51	n	392
1262	;	59	7:SPECIAL	48	;	392
1263	REPEAT	14	0:KEYWORD	14	@	393
1264	id[9]	9	1:ID	20	a	393
1265	:=	0	11:ASSIGN	54	=	393
1266	id[10]	10	1:ID	20	a	393
1267	+	43	5:A_OPER	33	+	393
1268	1	0	8:INT_LIT	51	n	393
1269	UNTIL	17	0:KEYWORD	17	k	393
1270	id[9]	9	1:ID	20	a	393
1271	>	4	6:R_OPER	41	>	393
1272	9	0	8:INT_LIT	51	n	393
1273	;	59	7:SPECIAL	48	;	393
1274	FOR	8	0:KEYWORD	8	p	394
1275	id[5]	5	1:ID	20	a	394
1276	:=	0	11:ASSIGN	54	=	394
1277	57005	0	8:INT_LIT	51	n	394
1278	DOWNTO	5	0:KEYWORD	5	d	394
1279	id[11]	11	1:ID	20	a	394
1280	DO	4	0:KEYWORD	4	z	394
1281	BEGIN	2	0:KEYWORD	2	e	395
1282	writeln	5	4:PROCED	32	m	396
1283	(	40	7:SPECIAL	43	(	396
1284	str[1]	1	10:STRING	53	"	396
1285	)	41	7:SPECIAL	44	)	396
1286	END	7	0:KEYWORD	7	f	397
1287	;	59	7:SPECIAL	48	;	397
1288	id[2]	2	1:ID	20	a	398
1289	:=	0	11:ASSIGN	54	=	398
1290	5	0	8:INT_LIT	51	n	398
1291	;	59	7:SPECIAL	48	;	398
1292	id[3]	3	1:ID	20	a	399
1293	:=	0	11:ASSIGN	54	=	399
1294	id[2]	2	1:ID	20	a	399
1295	+	43	5:A_OPER	33	+	399
1296	3	0	8:INT_LIT	51	n	399
1297	;	59	7:SPECIAL	48	;	399
1298	IF	9	0:KEYWORD	9	s	400
1299	id[2]	2	1:ID	20	a	400
1300	>=	5	6:R_OPER	42	$	400
1301	18	0	8:INT_LIT	51	n	400
1302	THEN	15	0:KEYWORD	15	h	400
1303	BEGIN	2	0:KEYWORD	2	e	401
1304	id[3]	3	1:ID	20	a	402
1305	:=	0	11:ASSIGN	54	=	402
1306	40	0	8:INT_LIT	51	n	402
1307	END	7	0:KEYWORD	7	f	403
1308	;	59	7:SPECIAL	48	;	403
1309	;	59	7:SPECIAL	48	;	403
1310	writeln	5	4:PROCED	32	m	404
1311	(	40	7:SPECIAL	43	(	404
1312	str[0]	0	10:STRING	53	"	404
1313	)	41	7:SPECIAL	44	)	404
1314	4	0	8:INT_LIT	51	n	404
1315	;	59	7:SPECIAL	48	;	404
1316	IF	9	0:KEYWORD	9	s	405
1317	id[2]	2	1:ID	20	a	405
1318	=	2	6:R_OPER	39	¿	405
1319	60	0	8:INT_LIT	51	n	405
1320	THEN	15	0:KEYWORD	15	h	405
1321	id[5]	5	1:ID	20	a	406
1322	:=	0	11:ASSIGN	54	=	406
1323	0	0	8:INT_LIT	51	n	406
1324	;	59	7:SPECIAL	48	;	406
1325	;	59	7:SPECIAL	48	;	406
1326	FOR	8	0:KEYWORD	8	p	407
1327	id[5]	5	1:ID	20	a	407
1328	:=	0	11:ASSIGN	54	=	407
1329	57005	0	8:INT_LIT	51	n	407
1330	DOWNTO	5	0:KEYWORD	5	d	407
1331	id[6]	6	1:ID	20	a	407
1332	+	43	5:A_OPER	33	+	407
1333	8	0	8:INT_LIT	51	n	407
1334	DO	4	0:KEYWORD	4	z	407
1335	BEGIN	2	0:KEYWORD	2	e	408
1336	writeln	5	4:PROCED	32	m	409
1337	(	40	7:SPECIAL	43	(	409
1338	str[1]	1	10:STRING	53	"	409
1339	)	41	7:SPECIAL	44	)	409
1340	END	7	0:KEYWORD	7	f	410
1341	;	59	7:SPECIAL	48	;	410
1342	IF	9	0:KEYWORD	9	s	411
1343	id[2]	2	1:ID	20	a	411
1344	=	2	6:R_OPER	39	¿	411
1345	id[3]	3	1:ID	20	a	411
1346	THEN	15	0:KEYWORD	15	h	411
1347	id[5]	5	1:ID	20	a	412
1348	:=	0	11:ASSIGN	54	=	412
1349	90	0	8:INT_LIT	51	n	412
1350	;	59	7:SPECIAL	48	;	412
1351	;	59	7:SPECIAL	48	;	412
1352	IF	9	0:KEYWORD	9	s	413
1353	id[7]	7	1:ID	20	a	413
1354	=	2	6:R_OPER	39	¿	413
1355	id[8]	8	1:ID	20	a	413
1356	THEN	15	0:KEYWORD	15	h	413
1357	id[5]	5	1:ID	20	a	414
1358	:=	0	11:ASSIGN	54	=	414
1359	90	0	8:INT_LIT	51	n	414
1360	;	59	7:SPECIAL	48	;	414
1361	;	59	7:SPECIAL	48	;	414
1362	REPEAT	14	0:KEYWORD	14	@	415
1363	id[9]	9	1:ID	20	a	415
1364	:=	0	11:ASSIGN	54	=	415
1365	id[10]	10	1:ID	20	a	415
1366	+	43	5:A_OPER	33	+	415
1367	1	0	8:INT_LIT	51	n	415
1368	UNTIL	17	0:KEYWORD	17	k	415
1369	id[9]	9	1:ID	20	a	415
1370	>	4	6:R_OPER	41	>	415
1371	9	0	8:INT_LIT	51	n	415
1372	;	59	7:SPECIAL	48	;	415
1373	REPEAT	14	0:KEYWORD	14	@	416
1374	id[9]	9	1:ID	20	a	416
1375	:=	0	11:ASSIGN	54	=	416
1376	id[10]	10	1:ID	20	a	416
1377	+	43	5:A_OPER	33	+	416
1378	1	0	8:INT_LIT	51	n	416
1379	UNTIL	17	0:KEYWORD	17	k	416
1380	id[9]	9	1:ID	20	a	416
1381	>	4	6:R_OPER	41	>	416
1382	9	0	8:INT_LIT	51	n	416
1383	;	59	7:SPECIAL	48	;	416
1384	FOR	8	0:KEYWORD	8	p	417
1385	id[5]	5	1:ID	20	a	417
1386	:=	0	11:ASSIGN	54	=	417
1387	57005	0	8:INT_LIT	51	n	417
1388	DOWNTO	5	0:KEYWORD	5	d	417
1389	id[11]	11	1:ID	20	a	417
1390	DO	4	0:KEYWORD	4	z	417
1391	BEGIN	2	0:KEYWORD	2	e	418
1392	writeln	5	4:PROCED	32	m	419
1393	(	40	7:SPECIAL	43	(	419
1394	str[1]	1	10:STRING	53	"	419
1395	)	41	7:SPECIAL	44	)	419
1396	END	7	0:KEYWORD	7	f	420
1397	;	59	7:SPECIAL	48	;	420
1398	id[2]	2	1:ID	20	a	421
1399	:=	0	11:ASSIGN	54	=	421
1400	5	0	8:INT_LIT	51	n	421
1401	;	59	7:SPECIAL	48	;	421
1402	id[3]	3	1:ID	20	a	422
1403	:=	0	11:ASSIGN	54	=	422
1404	id[2]	2	1:ID	20	a	422
1405	+	43	5:A_OPER	33	+	422
1406	3	0	8:INT_LIT	51	n	422
1407	;	59	7:SPECIAL	48	;	422
1408	IF	9	0:KEYWORD	9	s	423
1409	id[2]	2	1:ID	20	a	423
1410	>=	5	6:R_OPER	42	$	423
1411	18	0	8:INT_LIT	51	n	423
1412	THEN	15	0:KEYWORD	15	h	423
1413	BEGIN	2	0:KEYWORD	2	e	424
1414	id[3]	3	1:ID	20	a	425
1415	:=	0	11:ASSIGN	54	=	425
1416	40	0	8:INT_LIT	51	n	425
1417	END	7	0:KEYWORD	7	f	426
1418	;	59	7:SPECIAL	48	;	426
1419	;	59	7:SPECIAL	48	;	426
1420	writeln	5	4:PROCED	32	m	427
1421	(	40	7:SPECIAL	43	(	427
1422	str[0]	0	10:STRING	53	"	427
1423	)	41	7:SPECIAL	44	)	427
1424	4	0	8:INT_LIT	51	n	427
1425	;	59	7:SPECIAL	48	;	427
1426	IF	9	0:KEYWORD	9	s	428
1427	id[2]	2	1:ID	20	a	428
1428	=	2	6:R_OPER	39	¿	428
1429	60	0	8:INT_LIT	51	n	428
1430	THEN	15	0:KEYWORD	15	h	428
1431	id[5]	5	1:ID	20	a	429
1432	:=	0	11:ASSIGN	54	=	429
1433	0	0	8:INT_LIT	51	n	429
1434	;	59	7:SPECIAL	48	;	429
1435	;	59	7:SPECIAL	48	;	429
1436	FOR	8	0:KEYWORD	8	p	430
1437	id[5]	5	1:ID	20	a	430
1438	:=	0	11:ASSIGN	54	=	430
1439	57005	0	8:INT_LIT	51	n	430
1440	DOWNTO	5	0:KEYWORD	5	d	430
1441	id[6]	6	1:ID	20	a	430
1442	+	43	5:A_OPER	33	+	430
1443	8	0	8:INT_LIT	51	n	430
1444	DO	4	0:KEYWORD	4	z	430
1445	BEGIN	2	0:KEYWORD	2	e	431
1446	writeln	5	4:PROCED	32	m	432
1447	(	40	7:SPECIAL	43	(	432
1448	str[1]	1	10:STRING	53	"	432
1449	)	41	7:SPECIAL	44	)	432
1450	END	7	0:KEYWORD	7	f	433
1451	;	59	7:SPECIAL	48	;	433
1452	IF	9	0:KEYWORD	9	s	434
1453	id[2]	2	1:ID	20	a	434
1454	=	2	6:R_OPER	39	¿	434
1455	id[3]	3	1:ID	20	a	434
1456	THEN	15	0:KEYWORD	15	h	434
1457	id[5]	5	1:ID	20	a	435
1458	:=	0	11:ASSIGN	54	=	435
1459	90	0	8:INT_LIT	51	n	435
1460	;	59	7:SPECIAL	48	;	435
1461	;	59	7:SPECIAL	48	;	435
1462	IF	9	0:KEYWORD	9	s	436
1463	id[7]	7	1:ID	20	a	436
1464	=	2	6:R_OPER	39	¿	436
1465	id[8]	8	1:ID	20	a	436
1466	THEN	15	0:KEYWORD	15	h	436
1467	id[5]	5	1:ID	20	a	437
1468	:=	0	11:ASSIGN	54	=	437
1469	90	0	8:INT_LIT	51	n	437
1470	;	59	7:SPECIAL	48	;	437
1471	;	59	7:SPECIAL	48	;	437
1472	REPEAT	14	0:KEYWORD	14	@	438
1473	id[9]	9	1:ID	20	a	438
1474	:=	0	11:ASSIGN	54	=	438
1475	id[10]	10	1:ID	20	a	438
1476	+	43	5:A_OPER	33	+	438
1477	1	0	8:INT_LIT	51	n	438
1478	UNTIL	17	0:KEYWORD	17	k	438
1479	id[9]	9	1:ID	20	a	438
1480	>	4	6:R_OPER	41	>	438
1481	9	0	8:INT_LIT	51	n	438
1482	;	59	7:SPECIAL	48	;	438
1483	REPEAT	14	0:KEYWORD	14	@	439
1484	id[9]	9	1:ID	20	a	439
1485	:=	0	11:ASSIGN	54	=	439
1486	id[10]	10	1:ID	20	a	439
1487	+	43	5:A_OPER	33	+	439
1488	1	0	8:INT_LIT	51	n	439
1489	UNTIL	17	0:KEYWORD	17	k	439
1490	id[9]	9	1:ID	20	a	439
1491	>	4	6:R_OPER	41	>	439
1492	9	0	8:INT_LIT	51	n	439
1493	;	59	7:SPECIAL	48	;	439
1494	FOR	8	0:KEYWORD	8	p	440
1495	id[5]	5	1:ID	20	a	440
1496	:=	0	11:ASSIGN	54	=	440
1497	57005	0	8:INT_LIT	51	n	440
1498	DOWNTO	5	0:KEYWORD	5	d	440
1499	id[11]	11	1:ID	20	a	440
1500	DO	4	0:KEYWORD	4	z	440
1501	BEGIN	2	0:KEYWORD	2	e	441
1502	writeln	5	4:PROCED	32	m	442
1503	(	40	7:SPECIAL	43	(	442
1504	str[1]	1	10:STRING	53	"	442
1505	)	41	7:SPECIAL	44	)	442
1506	END	7	0:KEYWORD	7	f	443
1507	;	59	7:SPECIAL	48	;	443
1508	id[2]	2	1:ID	20	a	444
1509	:=	0	11:ASSIGN	54	=	444
1510	5	0	8:INT_LIT	51	n	444
1511	;	59	7:SPECIAL	48	;	444
1512	id[3]	3	1:ID	20	a	445
1513	:=	0	11:ASSIGN	54	=	445
1514	id[2]	2	1:ID	20	a	445
1515	+	43	5:A_OPER	33	+	445
1516	3	0	8:INT_LIT	51	n	445
1517	;	59	7:SPECIAL	48	;	445
1518	IF	9	0:KEYWORD	9	s	446
1519	id[2]	2	1:ID	20	a	446
1520	>=	5	6:R_OPER	42	$	446
1521	18	0	8:INT_LIT	51	n	446
1522	THEN	15	0:KEYWORD	15	h	446
1523	BEGIN	2	0:KEYWORD	2	e	447
1524	id[3]	3	1:ID	20	a	448
1525	:=	0	11:ASSIGN	54	=	448
1526	40	0	8:INT_LIT	51	n	448
1527	END	7	0:KEYWORD	7	f	449
1528	;	59	7:SPECIAL	48	;	449
1529	;	59	7:SPECIAL	48	;	449
1530	writeln	5	4:PROCED	32	m	450
1531	(	40	7:SPECIAL	43	(	450
1532	str[0]	0	10:STRING	53	"	450
1533	)	41	7:SPECIAL	44	)	450
1534	4	0	8:INT_LIT	51	n	450
1535	;	59	7:SPECIAL	48	;	450
1536	IF	9	0:KEYWORD	9	s	451
1537	id[2]	2	1:ID	20	a	451
1538	=	2	6:R_OPER	39	¿	451
1539	60	0	8:INT_LIT	51	n	451
1540	THEN	15	0:KEYWORD	15	h	451
1541	id[5]	5	1:ID	20	a	452
1542	:=	0	11:ASSIGN	54	=	452
1543	0	0	8:INT_LIT	51	n	452
1544	;	59	7:SPECIAL	48	;	452
1545	;	59	7:SPECIAL	48	;	452
1546	FOR	8	0:KEYWORD	8	p	453
1547	id[5]	5	1:ID	20	a	453
1548	:=	0	11:ASSIGN	54	=	453
1549	57005	0	8:INT_LIT	51	n	453
1550	DOWNTO	5	0:KEYWORD	5	d	453
1551	id[6]	6	1:ID	20	a	453
1552	+	43	5:A_OPER	33	+	453
1553	8	0	8:INT_LIT	51	n	453
1554	DO	4	0:KEYWORD	4	z	453
1555	BEGIN	2	0:KEYWORD	2	e	454
1556	writeln	5	4:PROCED	32	m	455
1557	(	40	7:SPECIAL	43	(	455
1558	str[1]	1	10:STRING	53	"	455
1559	)	41	7:SPECIAL	44	)	455
1560	END	7	0:KEYWORD	7	f	456
1561	;	59	7:SPECIAL	48	;	456
1562	IF	9	0:KEYWORD	9	s	457
1563	id[2]	2	1:ID	20	a	457
1564	=	2	6:R_OPER	39	¿	457
1565	id[3]	3	1:ID	20	a	457
1566	THEN	15	0:KEYWORD	15	h	457
1567	id[5]	5	1:ID	20	a	458
1568	:=	0	11:ASSIGN	54	=	458
1569	90	0	8:INT_LIT	51	n	458
1570	;	59	7:SPECIAL	48	;	458
1571	;	59	7:SPECIAL	48	;	458
1572	IF	9	0:KEYWORD	9	s	459
1573	id[7]	7	1:ID	20	a	459
1574	=	2	6:R_OPER	39	¿	459
1575	id[8]	8	1:ID	20	a	459
1576	THEN	15	0:KEYWORD	15	h	459
1577	id[5]	5	1:ID	20	a	460
1578	:=	0	11:ASSIGN	54	=	460
1579	90	0	8:INT_LIT	51	n	460
1580	;	59	7:SPECIAL	48	;	460
1581	;	59	7:SPECIAL	48	;	460
1582	REPEAT	14	0:KEYWORD	14	@	461
1583	id[9]	9	1:ID	20	a	461
1584	:=	0	11:ASSIGN	54	=	461
1585	id[10]	10	1:ID	20	a	461
1586	+	43	5:A_OPER	33	+	461
1587	1	0	8:INT_LIT	51	n	461
1588	UNTIL	17	0:KEYWORD	17	k	461
1589	id[9]	9	1:ID	20	a	461
1590	>	4	6:R_OPER	41	>	461
1591	9	0	8:INT_LIT	51	n	461
1592	;	59	7:SPECIAL	48	;	461
1593	REPEAT	14	0:KEYWORD	14	@	462
1594	id[9]	9	1:ID	20	a	462
1595	:=	0	11:ASSIGN	54	=	462
1596	id[10]	10	1:ID	20	a	462
1597	+	43	5:A_OPER	33	+	462
1598	1	0	8:INT_LIT	51	n	462
1599	UNTIL	17	0:KEYWORD	17	k	462
1600	id[9]	9	1:ID	20	a	462
1601	>	4	6:R_OPER	41	>	462
1602	9	0	8:INT_LIT	51	n	462
1603	;	59	7:SPECIAL	48	;	462
1604	FOR	8	0:KEYWORD	8	p	463
1605	id[5]	5	1:ID	20	a	463
1606	:=	0	11:ASSIGN	54	=	463
1607	57005	0	8:INT_LIT	51	n	463
1608	DOWNTO	5	0:KEYWORD	5	d	463
1609	id[11]	11	1:ID	20	a	463
1610	DO	4	0:KEYWORD	4	z	463
1611	BEGIN	2	0:KEYWORD	2	e	464
1612	writeln	5	4:PROCED	32	m	465
1613	(	40	7:SPECIAL	43	(	465
1614	str[1]	1	10:STRING	53	"	465
1615	)	41	7:SPECIAL	44	)	465
1616	END	7	0:KEYWORD	7	f	466
1617	;	59	7:SPECIAL	48	;	466
1618	id[2]	2	1:ID	20	a	467
1619	:=	0	11:ASSIGN	54	=	467
1620	5	0	8:INT_LIT	51	n	467
1621	;	59	7:SPECIAL	48	;	467
1622	id[3]	3	1:ID	20	a	468
1623	:=	0	11:ASSIGN	54	=	468
1624	id[2]	2	1:ID	20	a	468
1625	+	43	5:A_OPER	33	+	468
1626	3	0	8:INT_LIT	51	n	468
1627	;	59	7:SPECIAL	48	;	468
1628	IF	9	0:KEYWORD	9	s	469
1629	id[2]	2	1:ID	20	a	469
1630	>=	5	6:R_OPER	42	$	469
1631	18	0	8:INT_LIT	51	n	469
1632	THEN	15	0:KEYWORD	15	h	469
1633	BEGIN	2	0:KEYWORD	2	e	470
1634	id[3]	3	1:ID	20	a	471
1635	:=	0	11:ASSIGN	54	=	471
1636	40	0	8:INT_LIT	51	n	471
1637	END	7	0:KEYWORD	7	f	472
1638	;	59	7:SPECIAL	48	;	472
1639	;	59	7:SPECIAL	48	;	472
1640	writeln	5	4:PROCED	32	m	473
1641	(	40	7:SPECIAL	43	(	473
1642	str[0]	0	10:STRING	53	"	473
1643	)	41	7:SPECIAL	44	)	473
1644	4	0	8:INT_LIT	51	n	473
1645	;	59	7:SPECIAL	48	;	473
1646	IF	9	0:KEYWORD	9	s	474
1647	id[2]	2	1:ID	20	a	474
1648	=	2	6:R_OPER	39	¿	474
1649	60	0	8:INT_LIT	51	n	474
1650	THEN	15	0:KEYWORD	15	h	474
1651	id[5]	5	1:ID	20	a	475
1652	:=	0	11:ASSIGN	54	=	475
1653	0	0	8:INT_LIT	51	n	475
1654	;	59	7:SPECIAL	48	;	475
1655	;	59	7:SPECIAL	48	;	475
1656	FOR	8	0:KEYWORD	8	p	476
1657	id[5]	5	1:ID	20	a	476
1658	:=	0	11:ASSIGN	54	=	476
1659	57005	0	8:INT_LIT	51	n	476
1660	DOWNTO	5	0:KEYWORD	5	d	476
1661	id[6]	6	1:ID	20	a	476
1662	+	43	5:A_OPER	33	+	476
1663	8	0	8:INT_LIT	51	n	476
1664	DO	4	0:KEYWORD	4	z	476
1665	BEGIN	2	0:KEYWORD	2	e	477
1666	writeln	5	4:PROCED	32	m	478
1667	(	40	7:SPECIAL	43	(	478
1668	str[1]	1	10:STRING	53	"	478
1669	)	41	7:SPECIAL	44	)	478
1670	END	7	0:KEYWORD	7	f	479
1671	;	59	7:SPECIAL	48	;	479
1672	IF	9	0:KEYWORD	9	s	480
1673	id[2]	2	1:ID	20	a	480
1674	=	2	6:R_OPER	39	¿	480
1675	id[3]	3	1:ID	20	a	480
1676	THEN	15	0:KEYWORD	15	h	480
1677	id[5]	5	1:ID	20	a	481
1678	:=	0	11:ASSIGN	54	=	481
1679	90	0	8:INT_LIT	51	n	481
1680	;	59	7:SPECIAL	48	;	481
1681	;	59	7:SPECIAL	48	;	481
1682	IF	9	0:KEYWORD	9	s	482
1683	id[7]	7	1:ID	20	a	482
1684	=	2	6:R_OPER	39	¿	482
1685	id[8]	8	1:ID	20	a	482
1686	THEN	15	0:KEYWORD	15	h	482
1687	id[5]	5	1:ID	20	a	483
1688	:=	0	11:ASSIGN	54	=	483
1689	90	0	8:INT_LIT	51	n	483
1690	;	59	7:SPECIAL	48	;	483
1691	;	59	7:SPECIAL	48	;	483
1692	REPEAT	14	0:KEYWORD	14	@	484
1693	id[9]	9	1:ID	20	a	484
1694	:=	0	11:ASSIGN	54	=	484
1695	id[10]	10	1:ID	20	a	484
1696	+	43	5:A_OPER	33	+	484
1697	1	0	8:INT_LIT	51	n	484
1698	UNTIL	17	0:KEYWORD	17	k	484
1699	id[9]	9	1:ID	20	a	484
1700	>	4	6:R_OPER	41	>	484
1701	9	0	8:INT_LIT	51	n	484
1702	;	59	7:SPECIAL	48	;	484
1703	REPEAT	14	0:KEYWORD	14	@	485
1704	id[9]	9	1:ID	20	a	485
1705	:=	0	11:ASSIGN	54	=	485
1706	id[10]	10	1:ID	20	a	485
1707	+	43	5:A_OPER	33	+	485
1708	1	0	8:INT_LIT	51	n	485
1709	UNTIL	17	0:KEYWORD	17	k	485
1710	id[9]	9	1:ID	20	a	485
1711	>	4	6:R_OPER	41	>	485
1712	9	0	8:INT_LIT	51	n	485
1713	;	59	7:SPECIAL	48	;	485
1714	FOR	8	0:KEYWORD	8	p	486
1715	id[5]	5	1:ID	20	a	486
1716	:=	0	11:ASSIGN	54	=	486
1717	57005	0	8:INT_LIT	51	n	486
1718	DOWNTO	5	0:KEYWORD	5	d	486
1719	id[11]	11	1:ID	20	a	486
1720	DO	4	0:KEYWORD	4	z	486
1721	BEGIN	2	0:KEYWORD	2	e	487
1722	writeln	5	4:PROCED	32	m	488
1723	(	40	7:SPECIAL	43	(	488
1724	str[1]	1	10:STRING	53	"	488
1725	)	41	7:SPECIAL	44	)	488
1726	END	7	0:KEYWORD	7	f	489
1727	;	59	7:SPECIAL	48	;	489
1728	id[2]	2	1:ID	20	a	490
1729	:=	0	11:ASSIGN	54	=	490
1730	5	0	8:INT_LIT	51	n	490
1731	;	59	7:SPECIAL	48	;	490
1732	id[3]	3	1:ID	20	a	491
1733	:=	0	11:ASSIGN	54	=	491
1734	id[2]	2	1:ID	20	a	491
1735	+	43	5:A_OPER	33	+	491
1736	3	0	8:INT_LIT	51	n	491
1737	;	59	7:SPECIAL	48	;	491
1738	IF	9	0:KEYWORD	9	s	492
1739	id[2]	2	1:ID	20	a	492
1740	>=	5	6:R_OPER	42	$	492
1741	18	0	8:INT_LIT	51	n	492
1742	THEN	15	0:KEYWORD	15	h	492
1743	BEGIN	2	0:KEYWORD	2	e	493
1744	id[3]	3	1:ID	20	a	494
1745	:=	0	11:ASSIGN	54	=	494
1746	40	0	8:INT_LIT	51	n	494
1747	END	7	0:KEYWORD	7	f	495
1748	;	59	7:SPECIAL	48	;	495
1749	;	59	7:SPECIAL	48	;	495
1750	writeln	5	4:PROCED	32	m	496
1751	(	40	7:SPECIAL	43	(	496
1752	str[0]	0	10:STRING	53	"	496
1753	)	41	7:SPECIAL	44	)	496
1754	4	0	8:INT_LIT	51	n	496
1755	;	59	7:SPECIAL	48	;	496
1756	IF	9	0:KEYWORD	9	s	497
1757	id[2]	2	1:ID	20	a	497
1758	=	2	6:R_OPER	39	¿	497
1759	60	0	8:INT_LIT	51	n	497
1760	THEN	15	0:KEYWORD	15	h	497
1761	id[5]	5	1:ID	20	a	498
1762	:=	0	11:ASSIGN	54	=	498
1763	0	0	8:INT_LIT	51	n	498
1764	;	59	7:SPECIAL	48	;	498
1765	;	59	7:SPECIAL	48	;	498
1766	FOR	8	0:KEYWORD	8	p	499
1767	id[5]	5	1:ID	20	a	499
1768	:=	0	11:ASSIGN	54	=	499
1769	57005	0	8:INT_LIT	51	n	499
1770	DOWNTO	5	0:KEYWORD	5	d	499
1771	id[6]	6	1:ID	20	a	499
1772	+	43	5:A_OPER	33	+	499
1773	8	0	8:INT_LIT	51	n	499
1774	DO	4	0:KEYWORD	4	z	499
1775	BEGIN	2	0:KEYWORD	2	e	500
1776	writeln	5	4:PROCED	32	m	501
1777	(	40	7:SPECIAL	43	(	501
1778	str[1]	1	10:STRING	53	"	501
1779	)	41	7:SPECIAL	44	)	501
1780	END	7	0:KEYWORD	7	f	502
1781	;	59	7:SPECIAL	48	;	502
1782	IF	9	0:KEYWORD	9	s	503
1783	id[2]	2	1:ID	20	a	503
1784	=	2	6:R_OPER	39	¿	503
1785	id[3]	3	1:ID	20	a	503
1786	THEN	15	0:KEYWORD	15	h	503
1787	id[5]	5	1:ID	20	a	504
1788	:=	0	11:ASSIGN	54	=	504
1789	90	0	8:INT_LIT	51	n	504
1790	;	59	7:SPECIAL	48	;	504
1791	;	59	7:SPECIAL	48	;	504
1792	IF	9	0:KEYWORD	9	s	505
1793	id[7]	7	1:ID	20	a	505
1794	=	2	6:R_OPER	39	¿	505
1795	id[8]	8	1:ID	20	a	505
1796	THEN	15	0:KEYWORD	15	h	505
1797	id[5]	5	1:ID	20	a	506
1798	:=	0	11:ASSIGN	54	=	506
1799	90	0	8:INT_LIT	51	n	506
1800	;	59	7:SPECIAL	48	;	506
1801	;	59	7:SPECIAL	48	;	506
1802	REPEAT	14	0:KEYWORD	14	@	507
1803	id[9]	9	1:ID	20	a	507
1804	:=	0	11:ASSIGN	54	=	507
1805	id[10]	10	1:ID	20	a	507
1806	+	43	5:A_OPER	33	+	507
1807	1	0	8:INT_LIT	51	n	507
1808	UNTIL	17	0:KEYWORD	17	k	507
1809	id[9]	9	1:ID	20	a	507
1810	>	4	6:R_OPER	41	>	507
1811	9	0	8:INT_LIT	51	n	507
1812	;	59	7:SPECIAL	48	;	507
1813	REPEAT	14	0:KEYWORD	14	@	508
1814	id[9]	9	1:ID	20	a	508
1815	:=	0	11:ASSIGN	54	=	508
1816	id[10]	10	1:ID	20	a	508
1817	+	43	5:A_OPER	33	+	508
1818	1	0	8:INT_LIT	51	n	508
1819	UNTIL	17	0:KEYWORD	17	k	508
1820	id[9]	9	1:ID	20	a	508
1821	>	4	6:R_OPER	41	>	508
1822	9	0	8:INT_LIT	51	n	508
1823	;	59	7:SPECIAL	48	;	508
1824	FOR	8	0:KEYWORD	8	p	509
1825	id[5]	5	1:ID	20	a	509
1826	:=	0	11:ASSIGN	54	=	509
1827	57005	0	8:INT_LIT	51	n	509
1828	DOWNTO	5	0:KEYWORD	5	d	509
1829	id[11]	11	1:ID	20	a	509
1830	DO	4	0:KEYWORD	4	z	509
1831	BEGIN	2	0:KEYWORD	2	e	510
1832	writeln	5	4:PROCED	32	m	511
1833	(	40	7:SPECIAL	43	(	511
1834	str[1]	1	10:STRING	53	"	511
1835	)	41	7:SPECIAL	44	)	511
1836	END	7	0:KEYWORD	7	f	512
1837	;	59	7:SPECIAL	48	;	512
1838	id[2]	2	1:ID	20	a	513
1839	:=	0	11:ASSIGN	54	=	513
1840	5	0	8:INT_LIT	51	n	513
1841	;	59	7:SPECIAL	48	;	513
1842	id[3]	3	1:ID	20	a	514
1843	:=	0	11:ASSIGN	54	=	514
1844	id[2]	2	1:ID	20	a	514
1845	+	43	5:A_OPER	33	+	514
1846	3	0	8:INT_LIT	51	n	514
1847	;	59	7:SPECIAL	48	;	514
1848	IF	9	0:KEYWORD	9	s	515
1849	id[2]	2	1:ID	20	a	515
1850	>=	5	6:R_OPER	42	$	515
1851	18	0	8:INT_LIT	51	n	515
1852	THEN	15	0:KEYWORD	15	h	515
1853	BEGIN	2	0:KEYWORD	2	e	516
1854	id[3]	3	1:ID	20	a	517
1855	:=	0	11:ASSIGN	54	=	517
1856	40	0	8:INT_LIT	51	n	517
1857	END	7	0:KEYWORD	7	f	518
1858	;	59	7:SPECIAL	48	;	518
1859	;	59	7:SPECIAL	48	;	518
1860	writeln	5	4:PROCED	32	m	519
1861	(	40	7:SPECIAL	43	(	519
1862	str[0]	0	10:STRING	53	"	519
1863	)	41	7:SPECIAL	44	)	519
1864	4	0	8:INT_LIT	51	n	519
1865	;	59	7:SPECIAL	48	;	519
1866	IF	9	0:KEYWORD	9	s	520
1867	id[2]	2	1:ID	20	a	520
1868	=	2	6:R_OPER	39	¿	520
1869	60	0	8:INT_LIT	51	n	520
1870	THEN	15	0:KEYWORD	15	h	520
1871	id[5]	5	1:ID	20	a	521
1872	:=	0	11:ASSIGN	54	=	521
1873	0	0	8:INT_LIT	51	n	521
1874	;	59	7:SPECIAL	48	;	521
1875	;	59	7:SPECIAL	48	;	521
1876	FOR	8	0:KEYWORD	8	p	522
1877	id[5]	5	1:ID	20	a	522
1878	:=	0	11:ASSIGN	54	=	522
1879	57005	0	8:INT_LIT	51	n	522
1880	DOWNTO	5	0:KEYWORD	5	d	522
1881	id[6]	6	1:ID	20	a	522
1882	+	43	5:A_OPER	33	+	522
1883	8	0	8:INT_LIT	51	n	522
1884	DO	4	0:KEYWORD	4	z	522
1885	BEGIN	2	0:KEYWORD	2	e	523
1886	writeln	5	4:PROCED	32	m	524
1887	(	40	7:SPECIAL	43	(	524
1888	str[1]	1	10:STRING	53	"	524
1889	)	41	7:SPECIAL	44	)	524
1890	END	7	0:KEYWORD	7	f	525
1891	;	59	7:SPECIAL	48	;	525
1892	IF	9	0:KEYWORD	9	s	526
1893	id[2]	2	1:ID	20	a	526
1894	=	2	6:R_OPER	39	¿	526
1895	id[3]	3	1:ID	20	a	526
1896	THEN	15	0:KEYWORD	15	h	526
1897	id[5]	5	1:ID	20	a	527
1898	:=	0	11:ASSIGN	54	=	527
1899	90	0	8:INT_LIT	51	n	527
1900	;	59	7:SPECIAL	48	;	527
1901	;	59	7:SPECIAL	48	;	527
1902	IF	9	0:KEYWORD	9	s	528
1903	id[7]	7	1:ID	20	a	528
1904	=	2	6:R_OPER	39	¿	528
1905	id[8]	8	1:ID	20	a	528
1906	THEN	15	0:KEYWORD	15	h	528
1907	id[5]	5	1:ID	20	a	529
1908	:=	0	11:ASSIGN	54	=	529
1909	90	0	8:INT_LIT	51	n	529
1910	;	59	7:SPECIAL	48	;	529
1911	;	59	7:SPECIAL	48	;	529
1912	REPEAT	14	0:KEYWORD	14	@	530
1913	id[9]	9	1:ID	20	a	530
1914	:=	0	11:ASSIGN	54	=	530
1915	id[10]	10	1:ID	20	a	530
1916	+	43	5:A_OPER	33	+	530
1917	1	0	8:INT_LIT	51	n	530
1918	UNTIL	17	0:KEYWORD	17	k	530
1919	id[9]	9	1:ID	20	a	530
1920	>	4	6:R_OPER	41	>	530
1921	9	0	8:INT_LIT	51	n	530
1922	;	59	7:SPECIAL	48	;	530
1923	REPEAT	14	0:KEYWORD	14	@	531
1924	id[9]	9	1:ID	20	a	531
1925	:=	0	11:ASSIGN	54	=	531
1926	id[10]	10	1:ID	20	a	531
1927	+	43	5:A_OPER	33	+	531
1928	1	0	8:INT_LIT	51	n	531
1929	UNTIL	17	0:KEYWORD	17	k	531
1930	id[9]	9	1:ID	20	a	531
1931	>	4	6:R_OPER	41	>	531
1932	9	0	8:INT_LIT	51	n	531
1933	;	59	7:SPECIAL	48	;	531
1934	FOR	8	0:KEYWORD	8	p	532
1935	id[5]	5	1:ID	20	a	532
1936	:=	0	11:ASSIGN	54	=	532
1937	57005	0	8:INT_LIT	51	n	532
1938	DOWNTO	5	0:KEYWORD	5	d	532
1939	id[11]	11	1:ID	20	a	532
1940	DO	4	0:KEYWORD	4	z	532
1941	BEGIN	2	0:KEYWORD	2	e	533
1942	writeln	5	4:PROCED	32	m	534
1943	(	40	7:SPECIAL	43	(	534
1944	str[1]	1	10:STRING	53	"	534
1945	)	41	7:SPECIAL	44	)	534
1946	END	7	0:KEYWORD	7	f	535
1947	;	59	7:SPECIAL	48	;	535
1948	id[2]	2	1:ID	20	a	536
1949	:=	0	11:ASSIGN	54	=	536
1950	5	0	8:INT_LIT	51	n	536
1951	;	59	7:SPECIAL	48	;	536
1952	id[3]	3	1:ID	20	a	537
1953	:=	0	11:ASSIGN	54	=	537
1954	id[2]	2	1:ID	20	a	537
1955	+	43	5:A_OPER	33	+	537
1956	3	0	8:INT_LIT	51	n	537
1957	;	59	7:SPECIAL	48	;	537
1958	IF	9	0:KEYWORD	9	s	538
1959	id[2]	2	1:ID	20	a	538
1960	>=	5	6:R_OPER	42	$	538
1961	18	0	8:INT_LIT	51	n	538
1962	THEN	15	0:KEYWORD	15	h	538
1963	BEGIN	2	0:KEYWORD	2	e	539
1964	id[3]	3	1:ID	20	a	540
1965	:=	0	11:ASSIGN	54	=	540
1966	40	0	8:INT_LIT	51	n	540
1967	END	7	0:KEYWORD	7	f	541
1968	;	59	7:SPECIAL	48	;	541
1969	;	59	7:SPECIAL	48	;	541
1970	writeln	5	4:PROCED	32	m	542
1971	(	40	7:SPECIAL	43	(	542
1972	str[0]	0	10:STRING	53	"	542
1973	)	41	7:SPECIAL	44	)	542
1974	4	0	8:INT_LIT	51	n	542
1975	;	59	7:SPECIAL	48	;	542
1976	IF	9	0:KEYWORD	9	s	543
1977	id[2]	2	1:ID	20	a	543
1978	=	2	6:R_OPER	39	¿	543
1979	60	0	8:INT_LIT	51	n	543
1980	THEN	15	0:KEYWORD	15	h	543
1981	id[5]	5	1:ID	20	a	544
1982	:=	0	11:ASSIGN	54	=	544
1983	0	0	8:INT_LIT	51	n	544
1984	;	59	7:SPECIAL	48	;	544
1985	;	59	7:SPECIAL	48	;	544
1986	FOR	8	0:KEYWORD	8	p	545
1987	id[5]	5	1:ID	20	a	545
1988	:=	0	11:ASSIGN	54	=	545
1989	57005	0	8:INT_LIT	51	n	545
1990	DOWNTO	5	0:KEYWORD	5	d	545
1991	id[6]	6	1:ID	20	a	545
1992	+	43	5:A_OPER	33	+	545
1993	8	0	8:INT_LIT	51	n	545
1994	DO	4	0:KEYWORD	4	z	545
1995	BEGIN	2	0:KEYWORD	2	e	546
1996	writeln	5	4:PROCED	32	m	547
1997	(	40	7:SPECIAL	43	(	547
1998	str[1]	1	10:STRING	53	"	547
1999	)	41	7:SPECIAL	44	)	547
2000	END	7	0:KEYWORD	7	f	548
2001	;	59	7:SPECIAL	48	;	548
2002	IF	9	0:KEYWORD	9	s	549
2003	id[2]	2	1:ID	20	a	549
2004	=	2	6:R_OPER	39	¿	549
2005	id[3]	3	1:ID	20	a	549
2006	THEN	15	0:KEYWORD	15	h	549
2007	id[5]	5	1:ID	20	a	550
2008	:=	0	11:ASSIGN	54	=	550
2009	90	0	8:INT_LIT	51	n	550
2010	;	59	7:SPECIAL	48	;	550
2011	;	59	7:SPECIAL	48	;	550
2012	IF	9	0:KEYWORD	9	s	551
2013	id[7]	7	1:ID	20	a	551
2014	=	2	6:R_OPER	39	¿	551
2015	id[8]	8	1:ID	20	a	551
2016	THEN	15	0:KEYWORD	15	h	551
2017	id[5]	5	1:ID	20	a	552
2018	:=	0	11:ASSIGN	54	=	552
2019	90	0	8:INT_LIT	51	n	552
2020	;	59	7:SPECIAL	48	;	552
2021	;	59	7:SPECIAL	48	;	552
2022	REPEAT	14	0:KEYWORD	14	@	553
2023	id[9]	9	1:ID	20	a	553
2024	:=	0	11:ASSIGN	54	=	553
2025	id[10]	10	1:ID	20	a	553
2026	+	43	5:A_OPER	33	+	553
2027	1	0	8:INT_LIT	51	n	553
2028	UNTIL	17	0:KEYWORD	17	k	553
2029	id[9]	9	1:ID	20	a	553
2030	>	4	6:R_OPER	41	>	553
2031	9	0	8:INT_LIT	51	n	553
2032	;	59	7:SPECIAL	48	;	553
2033	REPEAT	14	0:KEYWORD	14	@	554
2034	id[9]	9	1:ID	20	a	554
2035	:=	0	11:ASSIGN	54	=	554
2036	id[10]	10	1:ID	20	a	554
2037	+	43	5:A_OPER	33	+	554
2038	1	0	8:INT_LIT	51	n	554
2039	UNTIL	17	0:KEYWORD	17	k	554
2040	id[9]	9	1:ID	20	a	554
2041	>	4	6:R_OPER	41	>	554
2042	9	0	8:INT_LIT	51	n	554
2043	;	59	7:SPECIAL	48	;	554
2044	FOR	8	0:KEYWORD	8	p	555
2045	id[5]	5	1:ID	20	a	555
2046	:=	0	11:ASSIGN	54	=	555
2047	57005	0	8:INT_LIT	51	n	555
2048	DOWNTO	5	0:KEYWORD	5	d	555
2049	id[11]	11	1:ID	20	a	555
2050	DO	4	0:KEYWORD	4	z	555
2051	BEGIN	2	0:KEYWORD	2	e	556
2052	writeln	5	4:PROCED	32	m	557
2053	(	40	7:SPECIAL	43	(	557
2054	str[1]	1	10:STRING	53	"	557
2055	)	41	7:SPECIAL	44	)	557
2056	END	7	0:KEYWORD	7	f	558
2057	;	59	7:SPECIAL	48	;	558
2058	id[2]	2	1:ID	20	a	559
2059	:=	0	11:ASSIGN	54	=	559
2060	5	0	8:INT_LIT	51	n	559
2061	;	59	7:SPECIAL	48	;	559
2062	id[3]	3	1:ID	20	a	560
2063	:=	0	11:ASSIGN	54	=	560
2064	id[2]	2	1:ID	20	a	560
2065	+	43	5:A_OPER	33	+	560
2066	3	0	8:INT_LIT	51	n	560
2067	;	59	7:SPECIAL	48	;	560
2068	IF	9	0:KEYWORD	9	s	561
2069	id[2]	2	1:ID	20	a	561
2070	>=	5	6:R_OPER	42	$	561
2071	18	0	8:INT_LIT	51	n	561
2072	THEN	15	0:KEYWORD	15	h	561
2073	BEGIN	2	0:KEYWORD	2	e	562
2074	id[3]	3	1:ID	20	a	563
2075	:=	0	11:ASSIGN	54	=	563
2076	40	0	8:INT_LIT	51	n	563
2077	END	7	0:KEYWORD	7	f	564
2078	;	59	7:SPECIAL	48	;	564
2079	;	59	7:SPECIAL	48	;	564
2080	writeln	5	4:PROCED	32	m	565
2081	(	40	7:SPECIAL	43	(	565
2082	str[0]	0	10:STRING	53	"	565
2083	)	41	7:SPECIAL	44	)	565
2084	4	0	8:INT_LIT	51	n	565
2085	;	59	7:SPECIAL	48	;	565
2086	IF	9	0:KEYWORD	9	s	566
2087	id[2]	2	1:ID	20	a	566
2088	=	2	6:R_OPER	39	¿	566
2089	60	0	8:INT_LIT	51	n	566
2090	THEN	15	0:KEYWORD	15	h	566
2091	id[5]	5	1:ID	20	a	567
2092	:=	0	11:ASSIGN	54	=	567
2093	0	0	8:INT_LIT	51	n	567
2094	;	59	7:SPECIAL	48	;	567
2095	;	59	7:SPECIAL	48	;	567
2096	FOR	8	0:KEYWORD	8	p	568
2097	id[5]	5	1:ID	20	a	568
2098	:=	0	11:ASSIGN	54	=	568
2099	57005	0	8:INT_LIT	51	n	568
2100	DOWNTO	5	0:KEYWORD	5	d	568
2101	id[6]	6	1:ID	20	a	568
2102	+	43	5:A_OPER	33	+	568
2103	8	0	8:INT_LIT	51	n	568
2104	DO	4	0:KEYWORD	4	z	568
2105	BEGIN	2	0:KEYWORD	2	e	569
2106	writeln	5	4:PROCED	32	m	570
2107	(	40	7:SPECIAL	43	(	570
2108	str[1]	1	10:STRING	53	"	570
2109	)	41	7:SPECIAL	44	)	570
2110	END	7	0:KEYWORD	7	f	571
2111	;	59	7:SPECIAL	48	;	571
2112	IF	9	0:KEYWORD	9	s	572
2113	id[2]	2	1:ID	20	a	572
2114	=	2	6:R_OPER	39	¿	572
2115	id[3]	3	1:ID	20	a	572
2116	THEN	15	0:KEYWORD	15	h	572
2117	id[5]	5	1:ID	20	a	573
2118	:=	0	11:ASSIGN	54	=	573
2119	90	0	8:INT_LIT	51	n	573
2120	;	59	7:SPECIAL	48	;	573
2121	;	59	7:SPECIAL	48	;	573
2122	IF	9	0:KEYWORD	9	s	574
2123	id[7]	7	1:ID	20	a	574
2124	=	2	6:R_OPER	39	¿	574
2125	id[8]	8	1:ID	20	a	574
2126	THEN	15	0:KEYWORD	15	h	574
2127	id[5]	5	1:ID	20	a	575
2128	:=	0	11:ASSIGN	54	=	575
2129	90	0	8:INT_LIT	51	n	575
2130	;	59	7:SPECIAL	48	;	575
2131	;	59	7:SPECIAL	48	;	575
2132	REPEAT	14	0:KEYWORD	14	@	576
2133	id[9]	9	1:ID	20	a	576
2134	:=	0	11:ASSIGN	54	=	576
2135	id[10]	10	1:ID	20	a	576
2136	+	43	5:A_OPER	33	+	576
2137	1	0	8:INT_LIT	51	n	576
2138	UNTIL	17	0:KEYWORD	17	k	576
2139	id[9]	9	1:ID	20	a	576
2140	>	4	6:R_OPER	41	>	576
2141	9	0	8:INT_LIT	51	n	576
2142	;	59	7:SPECIAL	48	;	576
2143	REPEAT	14	0:KEYWORD	14	@	577
2144	id[9]	9	1:ID	20	a	577
2145	:=	0	11:ASSIGN	54	=	577
2146	id[10]	10	1:ID	20	a	577
2147	+	43	5:A_OPER	33	+	577
2148	1	0	8:INT_LIT	51	n	577
2149	UNTIL	17	0:KEYWORD	17	k	577
2150	id[9]	9	1:ID	20	a	577
2151	>	4	6:R_OPER	41	>	577
2152	9	0	8:INT_LIT	51	n	577
2153	;	59	7:SPECIAL	48	;	577
2154	FOR	8	0:KEYWORD	8	p	578
2155	id[5]	5	1:ID	20	a	578
2156	:=	0	11:ASSIGN	54	=	578
2157	57005	0	8:INT_LIT	51	n	578
2158	DOWNTO	5	0:KEYWORD	5	d	578
2159	id[11]	11	1:ID	20	a	578
2160	DO	4	0:KEYWORD	4	z	578
2161	BEGIN	2	0:KEYWORD	2	e	579
2162	writeln	5	4:PROCED	32	m	580
2163	(	40	7:SPECIAL	43	(	580
2164	str[1]	1	10:STRING	53	"	580
2165	)	41	7:SPECIAL	44	)	580
2166	END	7	0:KEYWORD	7	f	581
2167	;	59	7:SPECIAL	48	;	581
2168	id[2]	2	1:ID	20	a	582
2169	:=	0	11:ASSIGN	54	=	582
2170	5	0	8:INT_LIT	51	n	582
2171	;	59	7:SPECIAL	48	;	582
2172	id[3]	3	1:ID	20	a	583
2173	:=	0	11:ASSIGN	54	=	583
2174	id[2]	2	1:ID	20	a	583
2175	+	43	5:A_OPER	33	+	583
2176	3	0	8:INT_LIT	51	n	583
2177	;	59	7:SPECIAL	48	;	583
2178	IF	9	0:KEYWORD	9	s	584
2179	id[2]	2	1:ID	20	a	584
2180	>=	5	6:R_OPER	42	$	584
2181	18	0	8:INT_LIT	51	n	584
2182	THEN	15	0:KEYWORD	15	h	584

#	Valor	ID	Clase	IDAtomo	Atomo
0	BEGIN	2	0:KEYWORD	2	e	585
1	id[3]	3	1:ID	20	a	586
2	:=	0	11:ASSIGN	54	=	586
3	40	0	8:INT_LIT	51	n	586
4	END	7	0:KEYWORD	7	f	587
5	;	59	7:SPECIAL	48	;	587
6	;	59	7:SPECIAL	48	;	587
7	writeln	5	4:PROCED	32	m	588
8	(	40	7:SPECIAL	43	(	588
9	str[0]	0	10:STRING	53	"	588
10	)	41	7:SPECIAL	44	)	588
11	4	0	8:INT_LIT	51	n	588
12	;	59	7:SPECIAL	48	;	588
13	IF	9	0:KEYWORD	9	s	589
14	id[2]	2	1:ID	20	a	589
15	=	2	6:R_OPER	39	¿	589
16	60	0	8:INT_LIT	51	n	589
17	THEN	15	0:KEYWORD	15	h	589
18	id[5]	5	1:ID	20	a	590
19	:=	0	11:ASSIGN	54	=	590
20	0	0	8:INT_LIT	51	n	590
21	;	59	7:SPECIAL	48	;	590
22	;	59	7:SPECIAL	48	;	590
23	FOR	8	0:KEYWORD	8	p	591
24	id[5]	5	1:ID	20	a	591
25	:=	0	11:ASSIGN	54	=	591
26	57005	0	8:INT_LIT	51	n	591
27	DOWNTO	5	0:KEYWORD	5	d	591
28	id[6]	6	1:ID	20	a	591
29	+	43	5:A_OPER	33	+	591
30	8	0	8:INT_LIT	51	n	591
31	DO	4	0:KEYWORD	4	z	591
32	BEGIN	2	0:KEYWORD	2	e	592
33	writeln	5	4:PROCED	32	m	593
34	(	40	7:SPECIAL	43	(	593
35	str[1]	1	10:STRING	53	"	593
36	)	41	7:SPECIAL	44	)	593
37	END	7	0:KEYWORD	7	f	594
38	;	59	7:SPECIAL	48	;	594
39	IF	9	0:KEYWORD	9	s	595
40	id[2]	2	1:ID	20	a	595
41	=	2	6:R_OPER	39	¿	595
42	id[3]	3	1:ID	20	a	595
43	THEN	15	0:KEYWORD	15	h	595
44	id[5]	5	1:ID	20	a	596
45	:=	0	11:ASSIGN	54	=	596
46	90	0	8:INT_LIT	51	n	596
47	;	59	7:SPECIAL	48	;	596
48	;	59	7:SPECIAL	48	;	596
49	IF	9	0:KEYWORD	9	s	597
50	id[7]	7	1:ID	20	a	597
51	=	2	6:R_OPER	39	¿	597
52	id[8]	8	1:ID	20	a	597
53	THEN	15	0:KEYWORD	15	h	597
54	id[5]	5	1:ID	20	a	598
55	:=	0	11:ASSIGN	54	=	598
56	90	0	8:INT_LIT	51	n	598
57	;	59	7:SPECIAL	48	;	598
58	;	59	7:SPECIAL	48	;	598
59	REPEAT	14	0:KEYWORD	14	@	599
60	id[9]	9	1:ID	20	a	599
61	:=	0	11:ASSIGN	54	=	599
62	id[10]	10	1:ID	20	a	599
63	+	43	5:A_OPER	33	+	599
64	1	0	8:INT_LIT	51	n	599
65	UNTIL	17	0:KEYWORD	17	k	599
66	id[9]	9	1:ID	20	a	599
67	>	4	6:R_OPER	41	>	599
68	9	0	8:INT_LIT	51	n	599
69	;	59	7:SPECIAL	48	;	599
70	REPEAT	14	0:KEYWORD	14	@	600
71	id[9]	9	1:ID	20	a	600
72	:=	0	11:ASSIGN	54	=	600
73	id[10]	10	1:ID	20	a	600
74	+	43	5:A_OPER	33	+	600
75	1	0	8:INT_LIT	51	n	600
76	UNTIL	17	0:KEYWORD	17	k	600
77	id[9]	9	1:ID	20	a	600
78	>	4	6:R_OPER	41	>	600
79	9	0	8:INT_LIT	51	n	600
80	;	59	7:SPECIAL	48	;	600
81	FOR	8	0:KEYWORD	8	p	601
82	id[5]	5	1:ID	20	a	601
83	:=	0	11:ASSIGN	54	=	601
84	57005	0	8:INT_LIT	51	n	601
85	DOWNTO	5	0:KEYWORD	5	d	601
86	id[11]	11	1:ID	20	a	601
87	DO	4	0:KEYWORD	4	z	601
88	BEGIN	2	0:KEYWORD	2	e	602
89	writeln	5	4:PROCED	32	m	603
90	(	40	7:SPECIAL	43	(	603
91	str[1]	1	10:STRING	53	"	603
92	)	41	7:SPECIAL	44	)	603
93	END	7	0:KEYWORD	7	f	604
94	;	59	7:SPECIAL	48	;	604
95	id[2]	2	1:ID	20	a	605
96	:=	0	11:ASSIGN	54	=	605
97	5	0	8:INT_LIT	51	n	605
98	;	59	7:SPECIAL	48	;	605
99	id[3]	3	1:ID	20	a	606
100	:=	0	11:ASSIGN	54	=	606
101	id[2]	2	1:ID	20	a	606
102	+	43	5:A_OPER	33	+	606
103	3	0	8:INT_LIT	51	n	606
104	;	59	7:SPECIAL	48	;	606
105	IF	9	0:KEYWORD	9	s	607
106	id[2]	2	1:ID	20	a	607
107	>=	5	6:R_OPER	42	$	607
108	18	0	8:INT_LIT	51	n	607
109	THEN	15	0:KEYWORD	15	h	607
110	BEGIN	2	0:KEYWORD	2	e	608
111	id[3]	3	1:ID	20	a	609
112	:=	0	11:ASSIGN	54	=	609
113	40	0	8:INT_LIT	51	n	609
114	END	7	0:KEYWORD	7	f	610
115	;	59	7:SPECIAL	48	;	610
116	;	59	7:SPECIAL	48	;	610
117	writeln	5	4:PROCED	32	m	611
118	(	40	7:SPECIAL	43	(	611
119	str[0]	0	10:STRING	53	"	611
120	)	41	7:SPECIAL	44	)	611
121	4	0	8:INT_LIT	51	n	611
122	;	59	7:SPECIAL	48	;	611
123	IF	9	0:KEYWORD	9	s	612
124	id[2]	2	1:ID	20	a	612
125	=	2	6:R_OPER	39	¿	612
126	60	0	8:INT_LIT	51	n	612
127	THEN	15	0:KEYWORD	15	h	612
128	id[5]	5	1:ID	20	a	613
129	:=	0	11:ASSIGN	54	=	613
130	0	0	8:INT_LIT	51	n	613
131	;	59	7:SPECIAL	48	;	613
132	;	59	7:SPECIAL	48	;	613
133	FOR	8	0:KEYWORD	8	p	614
134	id[5]	5	1:ID	20	a	614
135	:=	0	11:ASSIGN	54	=	614
136	57005	0	8:INT_LIT	51	n	614
137	DOWNTO	5	0:KEYWORD	5	d	614
138	id[6]	6	1:ID	20	a	614
139	+	43	5:A_OPER	33	+	614
140	8	0	8:INT_LIT	51	n	614
141	DO	4	0:KEYWORD	4	z	614
142	BEGIN	2	0:KEYWORD	2	e	615
143	writeln	5	4:PROCED	32	m	616
144	(	40	7:SPECIAL	43	(	616
145	str[1]	1	10:STRING	53	"	616
146	)	41	7:SPECIAL	44	)	616
147	END	7	0:KEYWORD	7	f	617
148	;	59	7:SPECIAL	48	;	617
149	IF	9	0:KEYWORD	9	s	618
150	id[2]	2	1:ID	20	a	618
151	=	2	6:R_OPER	39	¿	618
152	id[3]	3	1:ID	20	a	618
153	THEN	15	0:KEYWORD	15	h	618
154	id[5]	5	1:ID	20	a	619
155	:=	0	11:ASSIGN	54	=	619
156	90	0	8:INT_LIT	51	n	619
157	;	59	7:SPECIAL	48	;	619
158	;	59	7:SPECIAL	48	;	619
159	IF	9	0:KEYWORD	9	s	620
160	id[7]	7	1:ID	20	a	620
161	=	2	6:R_OPER	39	¿	620
162	id[8]	8	1:ID	20	a	620
163	THEN	15	0:KEYWORD	15	h	620
164	id[5]	5	1:ID	20	a	621
165	:=	0	11:ASSIGN	54	=	621
166	90	0	8:INT_LIT	51	n	621
167	;	59	7:SPECIAL	48	;	621
168	;	59	7:SPECIAL	48	;	621
169	REPEAT	14	0:KEYWORD	14	@	622
170	id[9]	9	1:ID	20	a	622
171	:=	0	11:ASSIGN	54	=	622
172	id[10]	10	1:ID	20	a	622
173	+	43	5:A_OPER	33	+	622
174	1	0	8:INT_LIT	51	n	622
175	UNTIL	17	0:KEYWORD	17	k	622
176	id[9]	9	1:ID	20	a	622
177	>	4	6:R_OPER	41	>	622
178	9	0	8:INT_LIT	51	n	622
179	;	59	7:SPECIAL	48	;	622
180	REPEAT	14	0:KEYWORD	14	@	623
181	id[9]	9	1:ID	20	a	623
182	:=	0	11:ASSIGN	54	=	623
183	id[10]	10	1:ID	20	a	623
184	+	43	5:A_OPER	33	+	623
185	1	0	8:INT_LIT	51	n	623
186	UNTIL	17	0:KEYWORD	17	k	623
187	id[9]	9	1:ID	20	a	623
188	>	4	6:R_OPER	41	>	623
189	9	0	8:INT_LIT	51	n	623
190	;	59	7:SPECIAL	48	;	623
191	FOR	8	0:KEYWORD	8	p	624
192	id[5]	5	1:ID	20	a	624
193	:=	0	11:ASSIGN	54	=	624
194	57005	0	8:INT_LIT	51	n	624
195	DOWNTO	5	0:KEYWORD	5	d	624
196	id[11]	11	1:ID	20	a	624
197	DO	4	0:KEYWORD	4	z	624
198	BEGIN	2	0:KEYWORD	2	e	625
199	writeln	5	4:PROCED	32	m	626
200	(	40	7:SPECIAL	43	(	626
201	str[1]	1	10:STRING	53	"	626
202	)	41	7:SPECIAL	44	)	626
203	END	7	0:KEYWORD	7	f	627
204	;	59	7:SPECIAL	48	;	627
205	FOR	8	0:KEYWORD	8	p	629
206	id[5]	5	1:ID	20	a	629
207	:=	0	11:ASSIGN	54	=	629
208	90	0	8:INT_LIT	51	n	629
209	DOWNTO	5	0:KEYWORD	5	d	629
210	0	0	8:INT_LIT	51	n	629
211	DO	4	0:KEYWORD	4	z	629
212	writeln	5	4:PROCED	32	m	630
213	(	40	7:SPECIAL	43	(	630
214	str[1]	1	10:STRING	53	"	630
215	)	41	7:SPECIAL	44	)	630
216	END	7	0:KEYWORD	7	f	631
217	.	46	7:SPECIAL	50	.	631
218	«EOF»	0	12:EOF	55	⊢	632

CADENAS
#	Valor
1	''
0	'salida  '

IDENTIFICADORES
#	Valor
6	ident
1	input
8	ib
0	identif
3	b
5	x
9	K
4	gg
2	a
7	g
11	i
10	k

